slot_range,slot,sig,type,profit,profit_unit,chain_length,num_signers
arb_324115888_324115990,324115902,66DdGg2t5brKpeJCNNNmymBPnu9siVMkuTXX6hBHzxmcifP9AdXkvMNtFBMEtZP97TqmvbGBZKxx6y8mXCHXSmUs,SOL,0.0003245489999999281,SOL,5,1
arb_324115888_324115990,324115902,3p1qSpkr9ua586ywwsiSYcJBU711zHgJ5WL75CQXdiYY9L8UhmvFqngL4robSnxy72qF8nmCsWtVg9Gjg15hS1tE,SOL,0.00028309800003486346,SOL,4,1
arb_324115888_324115990,324115902,PAzaLwiu2ohrB6QahFuiWqTz3CNuPovKZNaS2esdZv8AzD9zA4b1yHxVUbnQsWmXuYxBjtTFjTeWfSmCFeVkSNn,SOL,0.0003489619999999153,SOL,3,1
arb_324115888_324115990,324115902,mjoLQxARiaFvx1vLxRvQNntAY7P5KDnYp8XZgvj2JW5C5kaMvkzKnriETH4BLVUaRBsj8jgZ3RB3BQmJrreL1G1,SOL,0.0011398539999989455,SOL,4,1
arb_324115888_324115990,324115902,485Uf6Qe2ncPxXQPRYGbBqJTt3vxGfX3TEDtBVMQan38DL7zXxC5TbZT5fpCgfWaENNesb4jyGg5w8iBXr3Qnj1i,USDC,0.04053399999975227,USDC,3,1
arb_324115888_324115990,324115902,oQ8TSFQcuzC46E6DnjvbdipwJwFEaZargHD5G2nan1B9wWM8thsFqu72w3eBUVY3jrz393KVsSLrq9jtRvQ8Qxp,USDC,0.029034000006504357,USDC,4,1
arb_324115888_324115990,324115902,dHJMsT9rvoSr9sAVc2xgqCY4KvMLrbUNPbBNHAxn92gq52ynXiCva2jLb8uNXkfiQaT5GSuPzAagPrMg7x13evX,USDC,0.04433200000001136,USDC,2,1
arb_324115888_324115990,324115902,387Z7CBCoPwb1pcaTMfeV7cZKy2q7jwLV8BnVaJNFnqXdCz9yd9BMjJ4RamtZCZGk1YiiasDdWU8YABdGmBHdMpo,SOL,0.0028479229999964634,SOL,3,1
arb_324115888_324115990,324115902,2zXZbQ4t5KUJBY2GoZ5ytvGgX1RJip6zTXes3cW1bYMyxWmyfBRyVeeMGESWUwVvRR88FvwBna7hWLu4QTKEFqqc,USDC,0.020104999988689087,USDC,5,1
arb_324115888_324115990,324115902,DqyRpoiD2qWypWPeANeRFoVS7STa6qVCdipShLTLGcsCewLNHSWrL1dEqiurpeHTjjsHqNQUhne5SJ5avzTjgzS,USDC,0.15980400002445094,USDC,3,1
arb_324115888_324115990,324115902,65jP3ABdYZikKwkp6iMnUjtzXdXzLLY9uzvjfvsFJQi44AXk8j3rRV8DbzLiFmTev3BGCiYKpAM9ZJBX1x1Z5PVq,USDC,0.0023980000005394686,USDC,3,1
arb_324115888_324115990,324115902,59Ao3V34U6bc6fvGKchstmwiZgJpu5eTGjA4LnPCRYQ7xcENHH25Vz7FauTEiKxjKigfRm8o2duYxFf1y6FQK1Hm,SOL,0.00012885900000266182,SOL,3,1
arb_324115888_324115990,324115902,4wwSwbyN2MALbU557BTbarnHDEDCN13NE1om54AzcA44aimb5z6xpH1TaxXywkR3wbHYZjF6HSZo5Poev3y48hK8,USDC,0.03022200000123121,USDC,2,1
arb_324115888_324115990,324115902,3JoXcsWLrkMpRYvGW192ishce5Qn94ULGnYDDaRw2HMzwrNBXAeV8HoEqVNEb1VL21kkxMQFQmc8Ei9sC3a8s53g,USDC,0.08259900000120979,USDC,2,1
arb_324115888_324115990,324115902,2GKgwBD3ntVUL8JASmSUuduCmCr4RSp4YLtqrZLd6UnvwwsmqTRfrjXgGFdvmxnaA4ahTNTccv2si2TCtBpSvnLf,SOL,0.00023762699999894184,SOL,3,1
arb_324115888_324115990,324115902,36Ns4MRMvd5PMYqbYL1mNtD6ph49Vw4rrMfMW45bakrn5Sv7bnCC1JyzoTHeGrvniu8KneNKsgmUfQJBPXhG84A7,USDC,0.08517299999994066,USDC,3,1
arb_324115888_324115990,324115902,239hi9uzxpAo9BuKVRvcC5LgLAytxrbYj1AhpL9ziRU4oWgwsFozGaquHuVCg3g39Drb22GbYV8yWdq1TxQQGhoN,USDC,0.06711399999949208,USDC,4,1
arb_324115888_324115990,324115902,2R3Hv3bRZsRcc2GgT1YEuzooKWaQivped1Nxwd3EsfFdjMMey1ZBj68mtgZtdyyFUjpibc9rfv3VaTkHpPG7ftdA,USDC,0.3985009999596514,USDC,3,1
arb_324115888_324115990,324115902,2R3Hv3bRZsRcc2GgT1YEuzooKWaQivped1Nxwd3EsfFdjMMey1ZBj68mtgZtdyyFUjpibc9rfv3VaTkHpPG7ftdA,USDT,3.799999998932435e-05,USDT,3,1
arb_324115888_324115990,324115902,3xhzx1YgdZaL35bdsJARpWadSs1rd7HTtkSaAUCzbiqYNGkrUuHbX4TVd3V6DiBLWr2RrsHfC5jLEJqAvNKDWrye,SOL,1.2628999998547986e-05,SOL,3,1
arb_324115888_324115990,324115902,2C65xYhFDR2KUXSSYYqZNNPaaQGtV91Cvg7W8bDTZ4c6gxJzXME6xAtZMTvkDxfXdrnq1jeErLT9f9JhT1uqpVZ3,USDC,0.02056599999991704,USDC,4,1
arb_324115888_324115990,324115902,3xZH5bwX17WbZYcMSb1c5Yw5JR9NjhoLzGL8fYkb2qTJDLNVpG3avFaZjE1EBShK1SSiZrHnA2batsn8TiKmKUmt,SOL,0.0011141479999839726,SOL,3,1
arb_324115888_324115990,324115902,2peg2oWK6J1gyqYWxEmBic4SBihEAzjwdt63VPUwWzU5HxuTcDsvEZE7AybJAgLHgeCvLebEnivoJBLYwkPiAsM1,USDC,0.06387299997732043,USDC,4,1
arb_324115888_324115990,324115902,4kdVP5VQuzG5Ze9sPkA7fRnhMN9hqzJDGbCyKiAnJ2xjEfdoKpNhihKWFa6YfwpGTAWchb2MJZ5Kkhr7L2MoxciM,SOL,0.00025532600000000087,SOL,3,1
arb_324115888_324115990,324115902,3iK77FTLWCNSNBcK5EsTuDMa1wQwzXGvMR2FaDHQWoLVU2g7fues1eW9xz1wM1w2Zt14exn9dWGTUuRhdrYwpJhu,SOL,0.0026242319999691174,SOL,4,1
arb_324115888_324115990,324115902,2ffWLDCS3UTRdSMxXJX23sH3SeL1Q9ukELT47BHEkKp9pwf4qDMWaPJD79QgRH9uUMf2f524d3EnN71JrCMZWonN,SOL,0.00020922099992589987,SOL,3,1
arb_324115888_324115990,324115902,62iVLRjidxDpT2JRFXdRNYKTeyeVtEFg2deYjRUo1ciyoaatFzwf31wbedMKHiY8cafjdJPBhxJP4fUmoZ8yDQv3,SOL,1.1528999998673564e-05,SOL,4,1
arb_324115888_324115990,324115902,66Pkki4CWidSX6kBjpcJNfUWZoMUczH2zSBf4obBRs66N5fAnvgvU7hXx4hs3VKp8LLvACjz6xH4Q4zhQ4My4cQj,SOL,1.0979000003861052e-05,SOL,4,1
arb_324115888_324115990,324115902,EDD91cmJQXKt8hfDjgmMEY7XFujbv46JMJ1Hkt1T43H2ZdrYA5WrsnNtZ2YLnGo3V3fDDoXFhjruaehQ1amDtmk,SOL,0.0004287850000016043,SOL,3,1
arb_324115888_324115990,324115894,5srhdTVgihw4oi1xgLLxYs1bwsHCNmXSdNJjfFFwcgFvvai9KiEfuLApekA21neaSbLybKiBGxBJ2d8uZJzDEJ5Q,SOL,0.02472350300000543,SOL,2,1
arb_324115888_324115990,324115906,2P5C9KkkJNgQSTt11xAWRaeiyTwXr9hLXN2vtJYFUQQVuq4Ru25K5rrEoRxDeqxPaDgdC4kEJAZug4yyE93CEDgG,USDC,0.0034239999999954307,USDC,3,1
arb_324115888_324115990,324115906,5YuNFmX3DbfuMYAYY93byttoBZsKbabu7fisNMXxZihuBTLNafocRVxXZgFwtxNDUsWp5WDZTudARBmGVmxwFNAQ,USDT,0.020219999999994798,USDT,4,1
arb_324115888_324115990,324115906,4AWpskdmEeWRqwUyp9mdmP3an5cahvZ1neX1jvYXMNXYc32eYSa8yyXScVFXomzyJig9pB3qq39o8AxNw6kf86jr,USDC,0.0116280000002007,USDC,3,1
arb_324115888_324115990,324115906,2KoBAvsbrQGyVVTasGctY51b7DMmkCFBNPL7wyfSmDq5F43oijRk5HeM2b9YobxaQryYN2L3zreyV6dfuE8veij3,USDC,0.5182630000053905,USDC,2,1
arb_324115888_324115990,324115906,gp499igARYS6Lovzs65A7HFprAAjpWV3oCXjMN6LAm7fMCW1GNrBwXsJeb3mQD3UZ6FARFmQFSirnWKAnZoaYuP,USDC,0.1906639999942854,USDC,3,1
arb_324115888_324115990,324115906,Gr3B8AXTZEZqDXQuv3KwKt7abCisWb1EZMLZGYepiPLwpa5NintYcGDwFD1nBa4wYM3SNGWEP1nut8QFMo1oWEF,USDC,0.058032000000821427,USDC,2,1
arb_324115888_324115990,324115906,4UgX5DkeKUn2mNFwcwSnyDo8KeY5AhXEfwuAu7G7abh5TKt9T4PrmfdsUaAh3JtfdTDvWbkBoUKMnkJLWihvJse,USDC,0.06363399999099784,USDC,2,1
arb_324115888_324115990,324115906,2CZH6e2m9pAosrF6Ac9zK5z4aSa1Tg5C3ofuMqA6rCBXbMmwFtJ2czbaweWtnAcVfgx46erYaXPsWDmrUwFA8TgZ,USDT,0.16739100000040708,USDT,6,1
arb_324115888_324115990,324115906,348myqtZZojZjtZozNUXtTQ6pKa6LrWUZrjTW27RxyYQ89Tno6krkQY5saT8BDx1snMJsbk5zrhG4uy6M5A6XA63,SOL,1.3978000000777228e-05,SOL,3,1
arb_324115888_324115990,324115906,5XurrBG6tK2xg76mMtTccEHK8PUy2YZ8oM1FdEF6Wqv4DvehHGbe2efkzcCLgPvDEW7uBpdqYptN1oYddXPcrfey,SOL,0.00015722199999723983,SOL,3,1
arb_324115888_324115990,324115906,ToeYsoHFduxGBS47RWR8UnMJgLa31qGA1sFZE84SEhFWomyXCGSB6AfyEVyhWgS7zrEM1qBhXSPXg9gEPXpAbEu,SOL,8.038900001293322e-05,SOL,2,1
arb_324115888_324115990,324115906,3TsUTN74MmEC1VHKsATbTAdBF2CqPs7juTjWzwoi6q2HZMQKtNKRjSDzzRBnD5K9zuKFy7vHX252ciXhb3MsENXS,USDC,0.024516999999988798,USDC,3,1
arb_324115888_324115990,324115906,5mEP1yYHpJnXEJeFUGYyFWjkbNGT575hebmJMFAitt5tf2DQcnbw1HYHUnNtWf3w1mf31Mvf6hDgF6d7XJhfPh2e,SOL,3.346200000236388e-05,SOL,4,1
arb_324115888_324115990,324115896,51QkSQdd6V38q9HRjGRBjBqmEhhcsdLGzQWvJdv4CJMkgz8UuVgY5iaQvcqGF85w9RGs6tYfZXX8TpkV7t6Q5Q99,SOL,8.688900000043464e-05,SOL,2,1
arb_324115888_324115990,324115896,yocoeG1VMpMn2QAT59mLQER6d6uGoPuCtHH1rwgraqrcrY2sY5L6cej39oSyQLcxsSzZ72mSJRHjRkd9EioDBm5,SOL,0.0002727519994197064,SOL,3,1
arb_324115888_324115990,324115896,2jYF2xH7fHd2HYYPHECqvFidUwcUdiTcoDQw2Uzt9HB3fZmpVV7wQAWKGkHxau4zH2HyabDrnN4m8gV3JkstMNw6,SOL,0.00017284900000044912,SOL,3,1
arb_324115888_324115990,324115896,ZUSJwn5nzVy5yewns5rcvECTKR4tf465SCoKuq2zVNndZhGWfuPJ1jh6khvwbDasCCYVvFNRTe22ZFwHnpUkxrq,USDC,0.17418700002599508,USDC,3,1
arb_324115888_324115990,324115905,5k2p4k3A73HdJRkJ4bRtgPo6FvV4hA5iaBr4uyQFVmYRqt81NKmmhQt23938a4c8gDA6bxkv5pkChPEiFFSk8FrL,SOL,0.0006468749999965391,SOL,5,1
arb_324115888_324115990,324115905,2chMx8UzoCqWjPUMKhzYHJ76n73GsUQH4s4fHiUn27SnA4vczeFgT66gEZmWqJGswAsKDAqTKNDY3oBFCaTtpzsn,USDT,0.7600119999988237,USDT,2,1
arb_324115888_324115990,324115905,319e65evDykvzFZSefGa1KGQFtsTjr7ghdPWuUg2Kgj7w1xZJNW1rW92pixxBq29DbLk2z1n2ibvF7cNSGL3iNwn,USDT,0.15900700000020151,USDT,2,1
arb_324115888_324115990,324115905,EvzSvSjdqzSj8pnKmuNCHE8xQHUYaJtXQ5fjDX3i9EANXZx61Kh4ckhwUnpBuSym86BuxykenLiWvQeZ2P2Cc2S,SOL,0.0014989910000021353,SOL,4,1
arb_324115888_324115990,324115905,nZV2gwdaVh1v2siSVVSL8SamASbzjGhw2WxdBjjg9uCRRkbHctMvyXfBwC2HzyZ9Qf4oTiumCwJhy1uvzckuMyV,USDC,0.07710200001019984,USDC,2,1
arb_324115888_324115990,324115905,44QaojEFEL8VBe6EZ5h6bZh2Nxi68rTWe5KtGghVyrixtJfDYX1w5ndrLTvgFEaEkwe4bghCmWwNE2espZUkvL5b,SOL,0.0007513360000112519,SOL,3,1
arb_324115888_324115990,324115905,4R5QM8rWFZNkRmWB8BY3zEt4KpP3gUV8DBH3mQuCbcLUeW7BUWYh6V4vVESotaq97G6o6HQRGDrsekJBmeSwXcKQ,SOL,0.0002495460000016209,SOL,3,1
arb_324115888_324115990,324115905,2RvPQvnggMzC9rAV1RwkhgJ6cF9Y1Mshc2U4uMraxT5qZes6ZpAvWna8MyB9NjAM2XLiqg7TAzPsXBbsp3pdtmKr,SOL,3.56049999997995e-05,SOL,2,1
arb_324115888_324115990,324115905,tif8Tn3GFpFL9NAFUD1zdUiFd5yTCvSYMu1ipsqoPSABp9BfkoVuLdAQsBpFT2dQwqUfgQHne1qxNYeqXWswChy,SOL,2.9662999998926942e-05,SOL,2,1
arb_324115888_324115990,324115905,2td5wd8kBmXeYfZC1LuKm4nW1sNdTLR2qXXHPC9BfEhSE8MzyE6V9zSrM3pGFst6QSpgYQTAeE2JbW9mRGbHbe7p,SOL,0.00017146899999370444,SOL,3,1
arb_324115888_324115990,324115905,AgJBjdJkTEFUepRQbGE8c29gHHEd5pw3tj9GMrnrKKC8GLWyBcX2QYMfFgstuwrXBagbsej1SiSoh8vDLR2WTP7,SOL,0.022454985999999295,SOL,2,1
arb_324115888_324115990,324115905,FV5CpnZXFWakCJ4TDtJ9tEwDxeWckAGJTgTSS9TJwEqVkejg6mS28rJSG3pHkQyR7x5UooXvVJv5qdxfEFW1JDb,SOL,0.0026725659999990133,SOL,2,1
arb_324115888_324115990,324115905,25d5zkB1vMUhyM4koYHyo73reJiCaUG7s8Rw3NadPaRYahmgk3LC4wsc5MsfsEkRdLakeWPBZBSLRfzCTjKcAVST,SOL,0.00022000800000375215,SOL,3,1
arb_324115888_324115990,324115905,5oXHtDe99AQscXbZ1HaktVfxi6Mv88SpxgYWRwrmUBHoprRWj9cX99pAZvAj4VMDZYXBkjS5vs9bJZoV9W53SF6a,SOL,0.00011848000000018796,SOL,5,1
arb_324115888_324115990,324115905,KfASPaCqhFXhfp6SGLFSgWKJWAqFVCwZBjvzEVXQrHUxF9Pvq2znLb7aipyVGBZKSXEmxE9XuKmqypajdTCaanL,SOL,0.00011274599999755757,SOL,3,1
arb_324115888_324115990,324115905,ruvByit3vY4v8dP49gXT3jT6tJE4cDJ1jp1LC71S8fXShLM9sBZkqxMLTafuiajbwNzREnNji9PxN9aQnS4hxa2,SOL,0.007476761000002823,SOL,2,1
arb_324115888_324115990,324115905,5c2G8ZbsvbRcNpQtJUPZu9f4cJyqRYb4t7jwcmbCUxx4bzvqcmTzQhcrvxXSUpv4cRaxwFGdWSNarPEdA5rcPj79,SOL,0.00043571800000168347,SOL,2,1
arb_324115888_324115990,324115905,3bGPQKPm44UGeNm9Md2Vi2ieJyKQAdXYtzZ9qvPqeJR8xNVeZNCXX3cdBB9W7VneGRiHUvTpaDkWS5tWaKa8GA77,SOL,0.0005308100000019807,SOL,5,1
arb_324115888_324115990,324115905,2EsSEySnYY91Gx1T9AHg2L751G53iEUVE3VXDXnnW2HkgBQe3jxpzaH6uojbWMT6AkmABpCKEmh1uXSgxf7QqfzV,SOL,0.0023119740000308907,SOL,3,1
arb_324115888_324115990,324115895,3oCzxh5ujZgHRRWMkrSAmnTeEYuFi3taZswGmUDoJaeLSYCQYYdEti7qmaqqvK2Xtomr8Pi4FZP97JrY2hoKRb5u,SOL,0.002116264999998534,SOL,2,1
arb_324115888_324115990,324115889,3EYZYN99pHTi7FrSN36eDmqcCvZhMqFuwoGZku9p9P7JSuRkvnKzNRmgDTBPJh52eTQX7hNdNiU7pGLNjcdw9d1Q,SOL,0.0002960139998878003,SOL,3,1
arb_324115888_324115990,324115889,4GzNGpmqxwGF8cZoNn1w48zAMcb7a7RJgzQ2ZVbP2yPjfCsVNA9BNwM4D5oTnnxSF5rrF45m4Qy2pcYHuqxZ7uBW,SOL,0.0009207629999995236,SOL,3,1
arb_324115888_324115990,324115889,4PtjJLfjQ4oT9RT1nCixQogg7ktEZgctstgywpPTLo4yKjS7fVtv1TgivKJ84Sp1pnBsLfbrSevPND6jWd4d9QuX,USDC,0.11719799999264069,USDC,2,1
arb_324115888_324115990,324115889,BMfnZiXP1WJXYVBir4ActznPcaLgomBgiuy1y18MCFpXQaUrQMqzSJmTeh4iNwpwGqCmrdYPa7HmJegeHu7yCwa,SOL,1.270400000442576e-05,SOL,3,1
arb_324115888_324115990,324115889,5UufgegiN8pm5qvBoSq2jUVkAXECNeL1Y76yj1qhjbKfPp4ZnWAhpEiexuWufnJebcZRUKBWhh59u3UNBgAgDncT,SOL,0.0009042109999973072,SOL,3,1
arb_324115888_324115990,324115889,2tibpGPpV4pHgmp5GabBDatGnDEVfcKWWAyaKyXBh5WS8L6afEeriNhNt96h57hGVEyrLyDQQL6a2c6Ntc15Fezv,SOL,9.645699998966087e-05,SOL,3,1
arb_324115888_324115990,324115889,3gFhuNnyhkv2uh9KW4Uq4n8LurzWEaCgK39o3fT2v6v8u74sPDfKPhwzwKqQXxrgZx2Qjkg6nDMVquzWDohK9BpT,USDC,3.8254540000016277,USDC,2,1
arb_324115888_324115990,324115889,5SF7Ju2oBiTA4dbovyoabYf3zt49gpJsWdLcw1wRGZAxNoQq5BBEmcHcycMpJTJ4LkhtdFUjxZkT4t8c4wV59VPS,USDC,2.313822000000073,USDC,3,1
arb_324115888_324115990,324115889,52U4vnrudNbbpyXHkYps6FUFYPjm1v61MrRfrA4P43HEj8ygi2C83eExgrHc4mKS9Kp39dduG37VkPaWb1zGv9ca,USDC,0.055394999999407446,USDC,4,1
arb_324115888_324115990,324115889,54bvy7uesaTAiqL2S136a7Mz8aMqHPunrH4TAM1BLmtpc8gzCcbYR5tEwqkSPrTJBVuArVr3Bw98ws936cLrLDdG,SOL,0.004062272999995821,SOL,4,1
arb_324115888_324115990,324115889,2HXRRh3tYd8HZyib4Q8pojgNVXdccv9AfcB3aoEqz45Z4EZhoarCvQVWbGR5htEZ4mWP36QdKB66fvqF8cLvfZ1i,SOL,5.078399999020278e-05,SOL,2,1
arb_324115888_324115990,324115889,5ZCvsW2Pure6XQjYizbbyzBVehdJpvYPtqEH99zDs1QyY2mecTZoNPN85FA2p3fFco3eq5RmGox9pyixD6pzerhP,SOL,0.0010239820000295698,SOL,3,1
arb_324115888_324115990,324115892,C9AX32upo232Zfp3eYRAtKaQWM9SrtdanME3fqXjrGCfiuM5HtRkec3BN7zvUXxV4FsBGMTYAbdBSKvBVgTQL8u,SOL,0.0009087199999990427,SOL,2,1
arb_324115888_324115990,324115892,RY49FXv4oDprtc1HmCMhKnGH6ZapUJcGAiRAkauFdHeuQP34vp2YiZB1Fq4o7b2oXWZcCFs8cUF2FSaUDSCm4zA,USDC,6.853852000000188,USDC,3,1
arb_324115888_324115990,324115892,2Gm1bwevA3tPEC36fwedtMmgPixXvs8twTK253bCwb5HuAxmNEpKQWQRTD5rEnkH1MXd1yKbSZy4e95E3suFZGTm,USDC,2.2971829999987676,USDC,3,1
arb_324115888_324115990,324115892,4e55LSaxfaBTpUFZ2biqgtkJQbzVkBTA9PcXJ4vrtJVLLJYGMBhzEVn1V9qqh4vzQmvaXzNZ2f8Fu6MhhGTYhpnF,USDC,1.1750040000006265,USDC,4,1
arb_324115888_324115990,324115892,36MQTUM9T8GVwD6gQS4t7PtnpxoMLUZMoDnbj5KCY3HMh24pELJCoCTVFTgHEDwGLL6yy91WhannYWdsNa29Qgzq,USDC,30.694094000000405,USDC,4,1
arb_324115888_324115990,324115899,53YKXTRHvChgURVWcnq2BzeWjzRWcXuDZS8PyHrYrwcsPz7g1ekJoFJVJeaUMENvKPj2yg2qMYeH7CGuKDG7vFgp,SOL,0.0006293679999271979,SOL,4,1
arb_324115888_324115990,324115899,4dXcVA9ZZckWZopxYwNHFaSQhe6dE7Q6QJm9kYapkoSt6iWJUkRQi8Ahz54wqFQ8AnTAs9j7753MjqPnxnoEct5m,SOL,8.506200001332263e-05,SOL,3,1
arb_324115888_324115990,324115899,5gc5ikDrrF7vQJS5zndhcMdGktQeuBTd2xurZ13X8zvSVuxcgLWqpkh2BDs6FyeQR11oGsjjufakCu847oixwGue,SOL,5.547800000279342e-05,SOL,2,1
arb_324115888_324115990,324115903,5WYsuxvpdYRjV5o3iphuv5i3Ytf6a8NH87qAQ1Gi1WvtNAs37b5VYzAbufb9qdsXVTV47iQneTkk6wn7mPceYHnN,SOL,0.0008638249999966852,SOL,3,1
arb_324115888_324115990,324115903,3wJFvWidXcgk8zUdNqp8xB6AkvJQynmsQL8TC8uD9WeadUCHk5iwjgvEcAvQWqEKG6ihoYWU7Cq1YW2W2KySB98z,SOL,0.00022827700000061792,SOL,3,1
arb_324115888_324115990,324115903,5pctcKa36qUSjm4un7aAgPJNteW8cotrj8eJH66as5kGT6LBVtS2v3KfCVMDo9Ux68rskCnrkes8VgrpDWxdDugb,SOL,0.00011088999999757677,SOL,6,1
arb_324115888_324115990,324115903,3yKaqErnmQpAo5bJCmHQFtUV4xD4SmZvpoMNVw2Xhf6kFcm7qJWpaacGHwa74SDgUANHUd1eDEWvqjSN34ZHUiZG,SOL,0.0004504539999836245,SOL,3,1
arb_324115888_324115990,324115903,3euRUETSpjG55eKJuJtrqWjkkNYsi2AWS5b5ductd5sTMVC417XDNogmF2WXVTvqyuNwaRRL6D8yuV5eQusiu3BL,SOL,4.5493999997973716e-05,SOL,2,1
arb_324115888_324115990,324115903,2NvEXKjoBNBK9eecr987PpCxp6wjChFdP3AoLWS4cEfJRNqudcFfrtsMpJDtrbrGcdHKzse1FHVx2QTGfWThBMCr,SOL,0.00048767000003098243,SOL,3,1
arb_324115888_324115990,324115903,2yCXQLWLkEhDn7YFn9trj2tNZ3MeoDFG7HkE6RHD5fqCA48dxv8PJDCUvRSNmM3owFYkhmALBrEJqHhdFkqxH7xF,SOL,5.341700000087759e-05,SOL,2,1
arb_324115888_324115990,324115903,2tiKf1YDtP9chktBifNQQttpzQh8jjVpdVrDcBB823Psmd9UMqLpKGqH6KZS5BnjpBhTo8PmhA4eEXt7qtxDtZtU,SOL,0.0007320209999972756,SOL,4,1
arb_324115888_324115990,324115903,642bwNVu4ZV4JaLsUD4xgPWYiBGTRyeHcUXsjL9skrcsXJ6zYDD3MbtCq2MNXrhzpHDTawJGimjKY1dzPEZguZ8b,SOL,0.00013897399999937237,SOL,4,1
arb_324115888_324115990,324115903,M6MnLjgXmHGJYhxc1PfmcxP1ofEEUstAmPjhnTopir4iXmdHSgKkfQuLCFVDGSbenHw4QwBZVCz1bKcNZkLVV5y,SOL,0.00014971000000743129,SOL,3,1
arb_324115888_324115990,324115903,5e857S6YL14Yo3FCxjjDWCQBNzGBAp5MrwzZVjNjtRCPRovZC6LD7X3rNbdqiy5s4KG1SmgYtrZB25kqhWZVm7nP,USDC,0.03221099999791477,USDC,5,1
arb_324115888_324115990,324115903,527tRs9UvUKu65M6k3pGZZPFEEYgSVcNsuUZ5d5H89NFQRTkduXZUNqZ7LxN4CMYeuUPPCodZWNo96kALwzZSBch,SOL,0.00013234300000187615,SOL,3,1
arb_324115888_324115990,324115903,4NQWN9kyw9Nj6LcBxuJh7QPkBKRE7wf9Ya6BhbunXfrdbsMBSYWKnKedm9xuun1Q8wsQwcWrDmD6yjG7Z1F5pkWB,SOL,0.0001569160000021549,SOL,3,1
arb_324115888_324115990,324115903,5v9yUxwtfNKaFVfNXq7SotgUCQnnZoivyYrLt9mn6z47UQJEzNd8ndxMV1cBLydW7PzBX7XJt7CwdvM5sWMb4zWM,USDC,0.03955899999982648,USDC,4,1
arb_324115888_324115990,324115903,3rUkc3kj2YRmArFFytdLiLL8Rv9GDY1bjpwfn4W1Fsp9VePVJCpkn2bG7Gei2s5b7oMMMnCNKd5uZ78k4AFxwpvE,USDC,7.49033700000291,USDC,5,1
arb_324115888_324115990,324115903,27JS8SjHmtMTpJLh8usSGzD9ASPQSMscNe8VA1UvKoLvZMtwRrh2baTaNELPuuSpMv17aXjppNT3gtEbqu388Gmp,SOL,0.0009794910000136504,SOL,3,1
arb_324115888_324115990,324115903,4YS8afoVhkxoAXktZjz42ZPcBKtEZgJ9xHeo6PiYPMTXNqw3938xM7pAwwSJM1etAzRwxQ6hoJ6cawY3JqxFHbEG,SOL,1.5788000018277133e-05,SOL,3,1
arb_324115888_324115990,324115903,24rUnQvzTLWz1yE3HpgDkvVUp2xdQpvSPvH1u3VEGf5JNEmSJKNUg9CpFu46cjUzcHyGocmyT6NegFuiU26jLVor,USDT,1.0530090000011114,USDT,3,1
arb_324115888_324115990,324115903,bhovXmkJzwnzL7o5ATWgjd6DtkN7K8TWTF4TAsVaVbLhW57pFTanQoYJeLh6gVRLBvct9MCYp9rCwzrww1kJev2,SOL,4.224200000181737e-05,SOL,2,1
arb_324115888_324115990,324115903,3y3f6rTCjW2UynZiG3q2uYJsH6xviJBQLJLA5GJJgTRMiNWKCxCzMHJHJu8YoGUFnnfCZ6T8KbiWFBUkBcGVmFQP,SOL,0.0009466979999862326,SOL,4,1
arb_324115888_324115990,324115903,3HhQPBgi6VUypVPHa9pfNXCPBNm3bt38XeT2u3iQNxpePpE9CgWweuKWRHR48sbjUjfdAe9MJ4U4dxUh7C2P5Ccg,SOL,0.0017659910000001563,SOL,4,1
arb_324115888_324115990,324115903,5XztfCejRfgfrQQsLUaGXXW8sBpYP2RyNG2poAqt8aFnzFxiDrgdsuWG7BFgoc5kdqhhhh1LWyAdvgJiPk3ezAoW,SOL,1.1843999999557622e-05,SOL,3,1
arb_324115888_324115990,324115903,5pNNupzGMtDzSQ4W1SQ8qqypMcMGb3T1mepkf2KAjxruLYmPRP6SZkgRjjdarzx78UQwNnpMwizcPMsENz5CHED7,SOL,2.8358000000026267e-05,SOL,3,1
arb_324115888_324115990,324115900,5Rj4uoYo7Pdehw8gH1VcW5kkaJ19Et3fqotsm2CheUVz2dMEhn67JNK8kK8ZwnF9eYmBJMzHu3RFs2SmcyoHBN2G,SOL,5.199500000200555e-05,SOL,3,1
arb_324115888_324115990,324115900,2XAcCd2kjaX45uYAFMCg6ZB442Dk3uXmwp8k7SKxmtbqY5c6aM96mw2vxZ2CAQhrdAn6Z57wFj72Bprf1dGwJyMt,SOL,0.00033163200000001117,SOL,3,1
arb_324115888_324115990,324115900,3QuBgJboRSiTgp8nBVJWuAGDZDHYcrcveqJXuW5RaLd29hFpWAJNeRLZxuLdro3YYb4fdNhU1ZGKs6uRbvebqyvi,SOL,0.007789201000192668,SOL,2,1
arb_324115888_324115990,324115900,21q8v5WKWX1yRG5JBF9pRfirYQAWr3NaNBKydnNeAabL12UrxrdyNxPoP4NxExexBjf4gfqxRYmhq9VunmHUUqbr,USDC,0.8163869999989402,USDC,2,1
arb_324115888_324115990,324115900,ZPnzPTjjwggcwEb4aiKgrpAYjNqKrhW2U9oMMBvyS5LTwrrd9Hfkeu5eg4xT26inkkdh89DMvaqYwBezL29K1kY,USDC,0.8737369999998919,USDC,2,1
arb_324115888_324115990,324115900,5B2p5f8WmdqtR451sRyJCRkCStC7jPmyENMVmnoBJpuX6wFzU75MUcYDx2eUaCeJpMchfqvPaDMVoh5PpA6KKX11,USDC,5.200000000016303e-05,USDC,4,1
arb_324115888_324115990,324115900,53s5tDGV8cVG8vht4NXDcGDcBfC5iE6ib2sX1TqRLrQGLLqPW7ZbnMtH64Lgos3A1pmJPBuzmqrwBpPhLpYqVS7o,SOL,9.547400002402485e-05,SOL,4,1
arb_324115888_324115990,324115900,3fkHf69JpDotidEMSQXvcA6ExFDwp3JCBQSp1p82s6CipL4WcovpoWcKmxyuiY9EdraiMSBE8ziSYhs1S7Dg5knw,SOL,2.118400002831133e-05,SOL,2,1
arb_324115888_324115990,324115900,4y6dZ2bAaD6vYnvdUEZnWTH4Tyw2LyGN6s4dsrm8nj6VKBQCdt5EyY49TrZoYHLuHArFirwVxF9t96Xv3oQu4BF,USDC,3.2254529999336228,USDC,2,1
arb_324115888_324115990,324115900,59viHfewWFe26DCCeNXQg7TUGcETwPdd2SJwVWiu3N9YMYTCKM3ULpkf8NwCAMnWGyJgAsrhujsneMFmFX3aQHLM,USDC,0.014873000000079628,USDC,3,1
arb_324115888_324115990,324115900,5bux2JLFQX874YTUvE9Uoo9SHevfvhgSrrqsH3PBJvK3rotTuXuatyTuPfoA8Uh33esAU9yEHxNjxqGdi6XE2fdP,USDC,0.10107900000002701,USDC,2,1
arb_324115888_324115990,324115900,xukC4crAUzG4hn1yjvFMsji9KHgGAWcGmprvzfwTopeM81oUzM1ckJa91bfbV42WDFjGKptXortcJG7ZDW8aV74,SOL,0.0002705290000001377,SOL,4,1
arb_324115888_324115990,324115900,5Z8xnuZWmRkxCU6k9MLQenNAUpoLPaA2u6QN43yhPoQXph4WJ4gUrem9RpQJXiqTHPkJ2xFF9tFvHcSGb3pFXxXA,USDC,0.06465199999956894,USDC,3,1
arb_324115888_324115990,324115898,KgtYggeRKc8r5RNLiPGpvFSCCHFWQYW8Tx3Q8j6odSiZ4pmdnGJwxrETcwnQypkJqKNEFY9m2fjmYMDUB3jihKE,USDT,0.0070230000000002235,USDT,3,1
arb_324115888_324115990,324115898,5Si153y2qwMMGzrRrqgsnVTwGR8Bm8bxyqJivgmUDvcGYDCziotU9QcHckXHyrquooTjE8wjrUywPmuP6pG1oVUb,SOL,0.00011172100001015508,SOL,2,1
arb_324115888_324115990,324115898,3Au55Rj5bghVUE2tEGaHtEaYRaWEGD8DUHqGU4uQmBx3zmhKxbSBQQCinPSYS9fZwuTrcq4Bj33a1MBwh6uagjvs,USDC,0.8427179999998771,USDC,4,1
arb_324115888_324115990,324115898,56ZWnb18LmMZE5QY5buU7Lm5iyvg4bL2ymZsDJEbUFCy6F8arawGyPWrFVrVv1hyMPY4vqS8xsoTkz917V5qTAn9,USDC,0.06646799999907671,USDC,6,1
arb_324115888_324115990,324115901,3FzxZJuFMuGUyrTEzEiVpGTXQpGdejW72F72yGMYjcAishWasnGNVjdR7SLnvNhCeQ8APQTBRhf1tfr1wnV4cuZJ,SOL,0.0025254980000035173,SOL,4,1
arb_324115888_324115990,324115901,hASnUtZJ5hcCUJ8kxxDjYCh9N2XhiQzBqcXD2s5ziaziimKyWQS88999RefiYM3X2DARGizKJmfryH4Vu4pPqmN,SOL,3.7711999974810264e-05,SOL,3,1
arb_324115888_324115990,324115901,4xF4kxVAx7f4GqYSwBZFqihmqsajkU1TkB7r7a1D3xrNrSTsxuoygtMdsKkxmbagH3b4sJ1gS3qexzCQxMmtNMT,SOL,7.939599999315177e-05,SOL,3,1
arb_324115888_324115990,324115901,4tg9aacQRk7UuTmqXRncejJBhecRv8Jc5Sj8hR6DArVWeuo5qMhx2XWXoHUvU4KLDEmNjytcpNZqgQfVKFmkEHEW,SOL,6.365299999987867e-05,SOL,3,1
arb_324115888_324115990,324115901,5LeTyxBBUdiFxG11jJygHCH7eVGFtkP6d5kAVzRkXLEhw5CZyjDai77EBiLD8iiFpxw6ABvbU4QYsjhkPrhmTMKS,SOL,0.00021916799999768536,SOL,3,1
arb_324115888_324115990,324115901,5DB5u9xs768veZHBijbmCo2BZhkxzPiac8GtfkPbJWX8DUkkAqBpPDjg2DQuBtG4gQdZgQWCFskEExgXBP1hRqVs,SOL,0.00017197899998806586,SOL,2,1
arb_324115888_324115990,324115901,3rwGe6cc7ndsxtpiZQpNy7QEz9q4VTcc3DdMqF9mLVc3oMYGnudzF9PHjbo4Gvfgo9SWiZY5TMTwipwuLYGMQQQd,USDC,0.0077650000000630826,USDC,3,1
arb_324115888_324115990,324115901,5fLNFbtaTS8s7Kbb467jvF4R3zXCBkwsoDt4jMy2pirWRabDvMmVJCjGCTbYa7NqUidmRQsPMEwx11v9FG2zJafn,SOL,7.440700011069625e-05,SOL,3,1
arb_324115888_324115990,324115901,uFsc3iQBXAqrw7rTsCRUbSayQfLG3UdHiDV4MTFeCF4sFg74ET23YcJ6mYTwXzX98TtuRdMTqG3wdHtj2F5mJaB,SOL,0.00016294100000815957,SOL,3,1
arb_324115888_324115990,324115891,5NVV13Cg8vrFr3usgtaMyhHf5xYj4WkNAR2UoydnT7L1cPNY86UeKENGepi1pE6pXsDQ53Nv2Ep27MxmbF4JusVN,USDC,0.33765200000016193,USDC,2,1
arb_324115888_324115990,324115891,25fNDZToBbzf36bPrtieaTZWAHaUwkqQwQpokDgfRKxQv2NJ6PMjrCKV7yLyB4LkhgQQDsrUQm92Qn8CUcMAXLBM,SOL,0.00020730099996400916,SOL,5,1
arb_324115888_324115990,324115891,3JFECdb3Pmc3y7em9f4gZc4hFFwHNG21yXqN5ubAhXa9jkiw4Q2R9Fv9bPUioKLfJmBHaA1iiJhTYXvgoUcyufLh,SOL,0.0008246889999972939,SOL,4,1
arb_324115888_324115990,324115891,vn1fDQwKBZitmLTwiBr1J7VJtPiNXDF7R31g8wBrN7LXTbJQikYaLdg2AHrAU65eQ53cRD3nsnKvyGF9NwhQvit,SOL,0.0003661079999681999,SOL,2,1
arb_324115888_324115990,324115891,2jqA9W8ieeAdYW5DuFr5pBdj77EVx3nYwZLTqawYA1j5kJCYrdt89gn3cbf646DuJUrHB7PhLiMnTo2kVopQj6VQ,SOL,0.0015005860000112676,SOL,3,1
arb_324115888_324115990,324115891,3tYUe2EUScGVmBM5j9QdsfSfnNuqCzH1FAb7p72Gaay66aV2YB5cowfWnsFijajVVSmgPU8sufjoMNGepaBydeHD,SOL,0.0065167550001110275,SOL,2,1
arb_324115888_324115990,324115891,44zqoH6FNd33FaUcpZJ8tTQAkaWgaZJ1gTUDtafs4yfdVpk9matKf3kYnxcjpEE2vEifgj2WdqmCnDtznxmX778H,SOL,0.0005613219998384793,SOL,2,1
arb_324115888_324115990,324115891,FG9VFAHGcv2Y88oLdAbLFkVtLrCuXYuPFvN8GD2wXvQwNGQgKNyzoeA6L1XWYzuyyuecho2NqGkPgVyadEvRkL4,USDC,0.23424800008069724,USDC,2,1
arb_324115888_324115990,324115891,63nbHhbhd6hR5wEsUKdKBeAhW3QkJzNGnjtZPthUp8kE1Muq8WL6W89LQoHqYqAVx4ebXuzzo8QoLo4b4EbeLrkc,SOL,0.0015234740000325414,SOL,3,1
arb_324115888_324115990,324115891,UeT3jeBoCr4HUY2wLDfRkoNC5x3WaywaMsi2AmguXoyoUczgKcan4k4VFYA1KausHa8JpCqMP94LJETuC1hQ1hb,USDC,0.17507100000511855,USDC,3,1
arb_324115888_324115990,324115891,2keZX2Vaj8zWsJG1eLyowimdNt1WVd41fxjFRyeVg2oAPcxpor1sbzZmmBFC6Nfb7dAfCbiW1t4ncUJQSVxyBNd1,USDC,0.1865710000274703,USDC,3,1
arb_324115888_324115990,324115891,3irDtqNGr9ykCeHwbB9XB1SSY6FjdxARhhyr1162toDgRQcjXiPh2p5jnt2cmnrudsLoiDHYrENxPUKJVU7tJjHf,USDC,0.16161299997474998,USDC,3,1
arb_324115888_324115990,324115891,5cpQ7cdJzzZWj2p1fYHKcgobDcQciG3AepgANZb6Ad1ettH5TfWkveZto5gS2nbUeqzVV4NnLodpuBLduLYSUF66,SOL,3.580199999851538e-05,SOL,2,1
arb_324115888_324115990,324115891,2aCN8d4vC2j2ESzy2fWaaY83yPL4yWRJurxWQWyEnXnYsaMfsHXNe6x1cfKdD1XmLTKaNPGbbwgPAaMYQaR9UqHn,USDC,0.1879949999274686,USDC,3,1
arb_324115888_324115990,324115891,4WcnSsTAM18nnU3KoEodvo2SnCkxVyBuVJx4UjLvyuLuMt19ZZWK7THoKFZVqJ9ENMZvEhGh7fNQrssCkXnPZbMt,SOL,0.0003417210000032211,SOL,3,1
arb_324115888_324115990,324115897,3wBdSdrwec7sGCKxzfwqdQziJEEGr6rthVanRvhr5ppoUQjcxEPKJz3mE6UhppYRwCGokKcC4s6ZzmWUeGPUaptE,USDC,0.13428900006692857,USDC,3,1
arb_324115888_324115990,324115897,5BrpebhUWrY8Vj2FYFCFPWJ9bzAnjjEbsA72ooNfSUBVgCJ2g22evRrJwfMtZYvCAbZRgcQXr3LA3MwQsPyE5d5g,SOL,0.00024603800003258225,SOL,3,1
arb_324115888_324115990,324115897,2KP8N1eCvgiY1v53qaahMhpMskGq77DZA87ozMuhcZAkgPTFmmKvjkxGo8Ynp3R6manaSsWhb8BcDfGkt5kTa2D5,SOL,0.00042604299999916503,SOL,3,1
arb_324115888_324115990,324115888,59HqeznEfhi4Jhq8PNK7SpYQHCp8TuoS7DnM9MZRTBM3YodxP8av85u1AH8tSSvrq5hWYV53DQBwWZZ5siyGnTYe,SOL,0.04196604299997028,SOL,2,1
arb_324115888_324115990,324115888,5gYLmEmXXwtBZpvzH5AkPY9JrrQSHmLPWEWkKUe65fqM1K5Q3uhdVz3tnEBR7WvePYJGoQmjtxJpHMpXzRyKwBxR,SOL,0.005691577000118377,SOL,2,1
arb_324115888_324115990,324115888,qcVrRDyMCuJMJyPxwFQeBXK3isiiWnicAMJm61bQjQEhKkdMJzhPr6YDUZp88EHGSvmXJ5J8BwgyQjj3E91XKGk,SOL,0.261482789000195,SOL,2,1
arb_324115888_324115990,324115888,3ddpgP4naLcitGevekHRLGS4PZdAihruHpaxBYCzsfKkQDUfRtEMfXEhQqzmCc2YQSahZpd8nATM6msefDLqEM2G,SOL,0.00025777200002994585,SOL,4,1
arb_324115888_324115990,324115888,5PqhtPohmt8GF4MD3qiinAZuRLSBnkRLjbEbpo1hyfcr5i2vHEG54zHpdVxRwFa5CKr4aHnFSHWFNnEzfM8e9HHw,SOL,5.6818999735617076e-05,SOL,2,1
arb_324115888_324115990,324115904,2u9Y59cQURW1a41yX6kz76RiEXPQm6opJ6xYesCGmLUFRBtvrcZKQjveeDAfdRMtgZfV7JtBo3jcrZNCqr9KWdvK,SOL,0.0005149610000036226,SOL,3,1
arb_324115888_324115990,324115904,5XGoBo9GajwYAmXEtbscH2TucMThDaJWUjPqDq25NjChfYZRcTKC9rcfNAJELM9J78dhgeUNAh6uXwweJcGu45r4,SOL,7.223899997450543e-05,SOL,3,1
arb_324115888_324115990,324115904,2c1CT5CR1hTDASdjzdako1jgPjzVLJ8ymW2eVzvfRdHoNJpabTkt5yaJej711oEnHu1wuQLvBNtPHsyXq7vEydWo,SOL,0.000522251000018091,SOL,3,2
arb_324115888_324115990,324115904,25DywqjQSFgh8Xf9kKs5PvVA5b8GcPdNEcE2WezK5U7DcaFvEfgLMqEgYYVog3XiBw9EfasTGnYKS7ruqrweadR9,SOL,0.0001509559999997095,SOL,4,1
arb_324115888_324115990,324115904,3ewtSRvsHQJ77m31hZGtDjHfeFXEpmpSkVeMkPpnSybwAqGqgzH3at6bcwXuNtnb1TvGV9bPHVm9qmBmFYo5FqFe,USDC,0.18557899992447346,USDC,3,1
arb_324115888_324115990,324115904,5gKHbEh73tXJfRc5RvrY5KFapLc36YD9vwvy917AExsWguL6rhaaJfZvJ83rYyFQJUY79M1sCrV5UtZminroNo5X,SOL,9.277899999979243e-05,SOL,2,1
arb_324115888_324115990,324115904,3SXGYVV8Xub7Hr6e7aThYz9fPnBLphJEQgfAWzQUcHyAoj8wbe13Zh7LzT9qxj2pYY8rt2ncnHTt7nrBJRZQtdEZ,USDC,0.00928700000000049,USDC,3,1
arb_324115888_324115990,324115904,2JcYwB97MZ7QFk9aL2RsiM8dHcBUSR34izwYCjpNpir8HENAz6bp4E3F6kdYGR3deCqLrxFg4APs7R2tT5Wq7jcf,SOL,0.00039541099999525133,SOL,4,1
arb_324115888_324115990,324115904,3pEaLddTAi1BgQdo35J9DSo46f8eU8fnAyrpMDGmW88CRfRXdN6UeQDVbLF3MbsTDnaCp69zjqsukShKYZ6hjJgQ,SOL,1.82450000089781e-05,SOL,4,1
arb_324115888_324115990,324115904,iLrKcsTWq9Af27Dtxxa4u4dQ3dU5UmFE3urKmv5ph9BwtYPxLTBd9tWgjfqz5gD1SJixnsN6AjDSmfFxYvDuT5t,SOL,0.0003393829999999388,SOL,2,1
arb_324115888_324115990,324115904,624G8usc8FeSAst351QMFUPbXRnx5VBgW35jVAHjwpExAqvLSMR6yJ1Uk165zuS1N8ngJr5d2XfaRfFnKdP6uK6h,SOL,6.429099998362117e-05,SOL,2,1
arb_324115888_324115990,324115904,3GGLr8i9vfKT6A1JPEHwNKeZScdziuP7CxjvsjBBRV3GHGWsKWXtLv1nAYJrzjy78ArsDFyabz8JNCNEH2auFyHu,USDC,0.20554799999990792,USDC,2,1
arb_324115888_324115990,324115904,FApULJxFyAxBHhVpFXUG6i7fGqg4SH12NbPfvPdF2NzdgAwPNxHhqEoWQVFFF9rvnNDPGocVFSQrBG9aPzwhYBZ,USDC,0.10232399999995323,USDC,3,1
arb_324115888_324115990,324115904,4pACzoYR9HkoXWwzZfHMnyVpmFrd2vvtNJQf3WHVk3nq2pLrc1SabNhBp3pcYQSzePXUZTqGzN3T1UU5JEYQEjRQ,USDC,0.07696500000020023,USDC,3,1
arb_324115888_324115990,324115904,o7DQm6MALNyuhAoT3yTmkHcVSFvcAdPUpAhm9NFAsFXDLxFHdwmHtehmAVU7n6o1f3oVa9iRUVwZXrJ3A2C7ggu,USDC,17.22113000007812,USDC,2,1
arb_324115888_324115990,324115904,2ZtHtqq9ENFuG5SoZP1fcBNJ15r5XfgkdXR3sHMYLvW4Sa7wDS8tPgUHWTTFAgL7AxgTqrvBPNFECqc6nH1dAnem,USDC,0.04637100000036298,USDC,2,1
arb_324115888_324115990,324115904,4omHpsk6yoZkoBoEkvctD7nskJCuaiuByzJg8Xi7VM31DC5NpPAjsZy4BtsNSX9AQ1wZM2oH42WFgbHQnaPxWkLt,SOL,0.019285048000029073,SOL,3,1
arb_324115888_324115990,324115904,5mXvmy7y2txxWSq1SMwcfJRWqqcwpZu1X8HEBAcHQX5LAeTPQESQ6KjC9qVfNVCYkpLnXSka5kRanmXYEEqviuht,SOL,0.08961736899998705,SOL,2,1
arb_324115888_324115990,324115904,2HSjYg3u9Ygdk9GdAUEkbuCivzwdVivTnxXKVtB5F7iL2BUDR6PPFfR555y9oGpT4CxmC6g3YkrNQiJ7YsQud3Bv,SOL,0.049351464000145104,SOL,2,1
arb_324115888_324115990,324115890,4fnTDAkyZPDKoNBWGVfXUcftAbFjT2RNdHeu3hQo6UiDtWHn3hECWVYBAtsPp1g93oQgaNQrBxU5SdptCCpRbYvv,USDC,0.010702000000000211,USDC,3,1
arb_324115888_324115990,324115890,4uQM9P8JehaFLzRUzfip3tkdX6CpChLkY2gr4Lb23QLa6ybGjtAsDpf24czUFTxcbBZnRA2vPR1cMLDLRB5XrJYF,USDC,3.78650000000016,USDC,2,1
arb_324115888_324115990,324115890,3TURyyi1MYy9bTJGaDWxH62oaNgKXzcPfWadJzh237euq14RYGE2YfhXkTiQxivhgWXTByZNG4SUQHSFpFdEgnQR,USDC,15.28898399999889,USDC,3,1
arb_324115888_324115990,324115890,2mjBYJjC4c6E86295aqBRsaECpueqMgRTcWxhJGGnPk2MUcxVyZ6a9dAASNHV3EVEemvT8AWk1XA72NRmriG96nB,SOL,0.0002988170000552269,SOL,3,1
arb_324115888_324115990,324115890,5HRc6oeosqLFtkJUkn311hAdMv5KmtmgPo1tSqXK4D6xZocn6rukvxYCYou5XBE56aU9BxGmnNHxfBeaKvmrrZY5,SOL,0.00022305599999839962,SOL,3,1
arb_324115888_324115990,324115890,5YehRPJhTWaaLRiY8pf1sdJsMMYDwDaXKxLAYkf9L3wFx24Puqq9tMBRB955xzM6w88r1qXdZMo6ZheA1DyfQX95,USDC,1.7068250000011176,USDC,3,1
arb_324115888_324115990,324115890,45aY77sweRVgpJcqVa5niX4QfXZ13MGMZChFBS3K1X7NEAFtwsPBPVEkqnuq6u9VNXubfL9Mvy8CXWiJjRYkVXFv,SOL,0.00010018400001110962,SOL,5,1
arb_324115888_324115990,324115890,5HQU1NAxzd3iRaFZHnwJddrGPA91U7ZTG9MxvVVSTGuFvV37u8CZ84vjwvHAQhGMz2FyPDXdEKnDPFDX1rduPKqt,SOL,0.010636579999999531,SOL,4,1
arb_324115888_324115990,324115890,fPYcTzcmJgHjoWnS4bEm9UfXxXjE1pky6dF4C5pQWrqke7skxdUQc8TAdsRgnCJDJxVU33oD2e1yw9ftBapiVve,SOL,0.00678073999994964,SOL,2,1
arb_324115888_324115990,324115890,tCUGM9BC8BY3DyCmQyHtAqZn5d2XzdePgr5VmtBoXjNvqRpD5zAE65TA5YakyK7CCHZyVG8E3k5tRAozbAsc9pJ,USDC,2.194015000015497,USDC,2,1
arb_324115888_324115990,324115890,4QQXpQq3r4WcJ52WibzyuUbyptcf8GbtvEhPyUbiGQEmEfyq19azSUhe8ZBXzR4FmfughCCNK574eFdo4EEab5Ke,SOL,0.00044887800000080566,SOL,2,1
arb_324115888_324115990,324115890,2g8bsWZvsDdnDfpWagKWJrkAZYtpX15VdAsBxoAXAubufUvRimwy51PSTRuJZwfsWSyHcEU8YTGpU6tJkb3e1W78,USDC,2.285143999994034,USDC,3,1
arb_324115888_324115990,324115890,2g8bsWZvsDdnDfpWagKWJrkAZYtpX15VdAsBxoAXAubufUvRimwy51PSTRuJZwfsWSyHcEU8YTGpU6tJkb3e1W78,USDT,0.0017589999999927386,USDT,3,1
arb_324115888_324115990,324115890,22LLaGUmAVwCKjBgGyretjeqiSpQDZ5767G8uAJk1fpYZkPgrGLBdXLbDWEmgg4wVHGUL59uM8zrdA8TdpoVDLdQ,SOL,0.0003513120000021656,SOL,2,1
arb_324115888_324115990,324115890,557bGWhVrNCJiMDFcScCwLdfnGWwgSX2BVzHwuQeNnvq2xwQvdyEBwPay1P3RNhrKvffWL7X42nUtEmssq5dWDcY,SOL,0.0002416040005190666,SOL,2,1
arb_324115888_324115990,324115890,3n6eXHafChrgNNSqQYmEGwKnKYKqHzBNkfXjQi1GmYwh8knMw5p819jKfMNYoerAD1J9GJE9Tz27L4CXrnLbNQSa,SOL,0.0003080559999987253,SOL,2,1
arb_324115888_324115990,324115907,3n9XJ19ziRpmXGeJUMC9a2uAkEezhpsyjWGD74Fxqq5ZKpER3LnWwAfwXEro5gcswKUUXgsE8s5aKh6LRgSspubk,SOL,0.0002452039999959795,SOL,3,1
arb_324115888_324115990,324115907,5AJqq8wH8heGh2yBwu5uVBtZSdAiJxRZBWN7aj5VE3XeNAbFt4iD5zXhBjcz8oTHZGDC7WMgkdGc7TevnAjRMVR3,SOL,0.0001990709999900286,SOL,3,1
arb_324115888_324115990,324115907,5xR95U5Qy3qW1mrV888G4deLGPcxS8PX8pNhKgCzsRJWoioaDwookD1J4TiYAJZ4A1wXCjZi4xC9tukcmdAezQT9,SOL,2.052600000205999e-05,SOL,2,1
arb_324115888_324115990,324115907,zSBRy96WTZCpf5zQnxvm7uS52a9VL5vGBD4f8jR7igTzhfwkT7hX5aZG4TYXmcqSskgNVyYpbsGQ1cNR7e9yyKs,SOL,9.273700000471323e-05,SOL,2,1
arb_324115888_324115990,324115907,3vJZiNtrvoambwp1t2wBND64vEKdWVAWRAwKv21VGPcHUQuViNikg9uGZ6rtb55HHnR6qgUF7VoJg5sjfSN4RLTm,SOL,0.00010676500000010507,SOL,2,1
arb_324115888_324115990,324115907,2Jqq4mp6ZfEqacxeT7YWm4HRVopidscYkZAEWAoWmxuBjxW5gzHL9BgvyCPdQXgAutJqf1sqnrV4QTL9wGevhuFW,SOL,2.6629999948332377e-05,SOL,3,1
arb_324115888_324115990,324115907,3hN9drzAKGVvGqAwvfaKWPoqcqwKZnLDX5MyqYcXUejjqL4B3oyJtPShotyBtEZ85EicJfW4jj2HwpRDFwigQBBm,SOL,9.58280002447986e-05,SOL,2,1
arb_324115888_324115990,324115907,5ebDWCqpqxkdPGgRvoixKVgXWy5eRTZX5zk2KHFAe7q7nqt7ZMYf4q9naaSzrD28yZmmvaCD3gNsZtGK1nGWn6bf,SOL,0.00024611800000142337,SOL,2,1
arb_324115888_324115990,324115907,4c9caZhibj6frcSUxS3HduEE7TuCYbxnuTfHDHRN4Zn8TTuSFRS2BoQbp29gyJtJoEJjRmpP8KKDANp4G8d5tUnN,SOL,0.00020284100000144984,SOL,4,1
arb_324115888_324115990,324115907,4AF9jSs3wfsP7Q7tUJPTe4mrowiTeQvm3JFENvawdhY1RA6bFxpzeLmAmAavpULjb5mCG59ZTYaBKEPgAMQBvLex,SOL,0.0002570589999996248,SOL,3,1
arb_324115888_324115990,324115907,X1LJx2yA6n1mV8QXowpUEzo1pqSb3bCx2gSYtKqXGZKWKD9Zc9yKVJ1CjGJNGeP4hCjWJchMAjKCmNL2yUds9sZ,SOL,2.649300000166603e-05,SOL,2,1
arb_324115888_324115990,324115907,3xmh8bgzJSDSvQrjtvrYKzoBvZzqQALeWG34RooUxybmtxhWTwt7n2c3rUA8WQv1vgcd2RkRnKnVP9TMRvpNedrX,SOL,0.0001193950000082456,SOL,3,1
arb_324115888_324115990,324115907,YMFrWKEuPzruxwn4SmxCGBnfhHbzbCYkH7JWha7Bo4C2fgn4mSYKB4jCZhinz4DFmPYjYaCCTdxR4cjVqeBVqYf,USDC,2.800000015668047e-05,USDC,2,1
arb_324115888_324115990,324115907,5CLY3LcP4vvrDQtFThyPKueRdienHrpN3sq1r2J5oXcv3FKMVKYFh54cHZn9bLWHBpgqWWjPEoFgb84pscX8F4sf,USDC,1.1999999969702912e-05,USDC,2,1
arb_324115888_324115990,324115907,3UNL6y12KXCc97KoReKhosXaML5tVQBCkvk3aDd75NjLXNXq3iLGy3q3coQTdg3otEuoHdiJqu6s8a6eRv6E4qML,SOL,0.0007177410000121032,SOL,3,1
arb_324115888_324115990,324115908,2awEKWC469NZeE1gTu8umdEPSwLZU2pdFusBENcJoXMYbDm7QAbhAvXZzfEXCbqAD8AU3e7EkS7PYEkp6gfUy2Bo,SOL,0.0003317029999360785,SOL,3,1
arb_324115888_324115990,324115908,3oaw6i5Xba1dacf5tjUcosH1virrFM2jHbyECgVg3uCChddW4ATeAQy4QMd5VK7whaA9GD6wLuMHjQAPd5rPxNa5,SOL,0.00011966399995536287,SOL,6,1
arb_324115888_324115990,324115908,5sJcDC54vQ9FhjwjTCgBbFcMqy3W6PYLuPNVVn5Ax3oPUE6oaB297x8MijA7ZzdsSaWJm6MRwkrMwZHQeFu5aLVc,USDC,0.08222099999966304,USDC,2,1
arb_324115888_324115990,324115908,2a9BhTd6HkqfFCUCqhLgWEeuhGEzKer6E5U7cUfamL15WSkmWkt27XqYwkYG4YsseiF4YeCzg2fH2VdjeS6NTPjd,SOL,3.445100000842719e-05,SOL,3,1
arb_324115888_324115990,324115908,ehvmELutqjxxcTwbPT2kYMikwH3Qz7fZFvzpvbnySjwuRr9ciXXrSCZPwH7PyA4MkgCzCpnpaQvZ8Vmyu1bQVQn,SOL,8.773599999778217e-05,SOL,4,1
arb_324115888_324115990,324115908,2HdPdRdFqih2yvnVWKewS9Aru4xg8od7J4kmV1S1SQEPGmfzvHVX93ccpMvtR2KeTxsosQx8By2HuKufcGzCUoSR,SOL,1.6412999999748716e-05,SOL,6,1
arb_324115888_324115990,324115911,eyf3zz5oqiERqPQyLR6b7fxuUwKdtA3RdhmQsprBsd4aWPbsMLGHsxZ33ixogwoVjmLPnSNZQQuXwSNmj2Uzjdz,SOL,0.0013555919999990323,SOL,3,1
arb_324115888_324115990,324115911,4rAhDx1UD3YwroeLWkCaLRHCyELYAR7uABB6vEtAEik4cPByJvyC2pn6DwZJb4ier77VHcAsro34dQxv6kagPQmR,USDC,0.16553700000804383,USDC,4,1
arb_324115888_324115990,324115911,5ZQmr2p7q9Yv55eMuZVYiCKwhUs4euWBfaZSnQ4a27m8cK2DPwYJxQEwKognuj83nwSa8NgA38Suq9gNys1XTunQ,SOL,0.004255871999994033,SOL,2,1
arb_324115888_324115990,324115911,5WH6wzLX4XLcExCuZmMhd9aBz5c38jNFNNsxX52Dj5BUB5GXs5M45VTjLm2ki5HPE4B5PsFjb6Hscu8UyrThNxqd,SOL,0.0004935739999983547,SOL,3,1
arb_324115888_324115990,324115911,46poUA9WUmjVD5gXegF8BdF5qAV2WsRUvw5NPn9GAVS4BJ1qat69EKCmBaSEQLEuaTYJUiuGrWvAy1zj8nsVEWKR,USDC,0.3979449999751523,USDC,3,1
arb_324115888_324115990,324115911,4hVhmAbQf5FGQUFdjTTG3CNNHNPB1edx7qwTzDscbFnAnMqcwisjQdW3dsrdCeRmdNBLAG7reBfHKHgGThXCRKnQ,SOL,0.00027772899999991955,SOL,3,1
arb_324115888_324115990,324115911,32cjRZBqUahekkTELjrq9jcN5v9f6EcibHAN2Nn8DCieQGNpNsJDP5SzRAE8wetLacAyLRkggMWgXzXs9R2acGpW,SOL,0.015719240000161422,SOL,2,1
arb_324115888_324115990,324115911,jGKmmA3XTLXD8kNUgzcsypmtW28eqBHcSsVoKsHyfWXNt4FdPrjbg5eMVGbEUzikqG6Zh9kytJ4h3JjR4BZ8EPa,SOL,0.00017470000001232225,SOL,2,1
arb_324115888_324115990,324115911,4532V6b1TiDER29YxUXjPtJTnsPGDnDa7Npd8R8NUnYpkkX2v8TZgz9vN5NniUEZ8jJupHZMbuEiTVGdSUwVK92c,SOL,0.014213336000000003,SOL,3,1
arb_324115888_324115990,324115911,5k2JaifmsThcUBUnm1PaR7vou2tcZpsdsgukv3F5CqufVaE7YG9UWfdQiipRVXe4Hdh8Aeq2m69GSKhMP3qUyeNZ,SOL,0.016586898000014345,SOL,4,1
arb_324115888_324115990,324115914,2L3xTMz1nR9BBpqPZM5GLQfvo8g1hQEsTd4CA4PvD2mF8Mc8PbkWj3gWbbG5D5CrbvdouMYunYeBN5m6MZWynDWd,USDC,59.33445700001903,USDC,2,1
arb_324115888_324115990,324115914,5H9r2akihfuJEpfM1CpXmpMomck49fow34QEFhepLE39pM9XG8AKbeS28CRtKPrHoKfB4A5zXnE6vY9Z5eGaTTtG,SOL,0.00026417100000061285,SOL,2,1
arb_324115888_324115990,324115914,3c2KRSij3d9RSKcERXHHs8whmgfMMdEdwoP61haJK96aviZQCqF6ky6HdCMaXL3EabTFcMQw19qtkK3tmBQjLoTm,SOL,0.0003330340000292448,SOL,4,1
arb_324115888_324115990,324115914,2TKZ3tofKTRhJGrWcLffR5cjVcD5EmKMXHSVYfdKBQFi9L2VfaVcmVW5D9GgGh4YLdsSieeoktJffs4ezY7peNQZ,USDC,0.12445700000012039,USDC,2,1
arb_324115888_324115990,324115914,2EuQF44DepJm2RxghJ3bWgwPPK8rghd8XK7hQ6JFXgym9m9pKx5aL3dhuvn7KPcbk5myCipPxc5u2jSxbrDGh95N,SOL,0.00021302399999679892,SOL,2,1
arb_324115888_324115990,324115914,mneCTUM5TUwDHURkFTdxYSzYj6p6yF4jtZ9Q7fD5DuPxYhdMWYtjULn3ALCqhJ38gDNq1XVP5ednmLsDmUgYJC5,SOL,0.012929092999968387,SOL,3,1
arb_324115888_324115990,324115914,3NncVkrhdqSi6oAedadBrCML6XvEz4arYnU7jgcsf1NhzXGsJ2o7pmNeEi8uorxu5x7hnz2Z2mL5F5ZgpK3sJF15,USDC,0.29645599995274097,USDC,3,1
arb_324115888_324115990,324115914,HAq5oH2CiSdX6bkWXjg9QFJf3QdDgNpzRRbyZEtXq749MvU8fPkVFfuP2gPjZb3ajP7kGv9NqqzWkvmUvG3GqCr,USDT,0.07625799999914307,USDT,4,1
arb_324115888_324115990,324115914,XDCnt4GuWqxjmsh3EsuPF3fRpWkqsgeFkCYrtbpafX1M5gxs3AKFXdF5N4JnFecenUPvEjEWajdaiE8rfZrHabc,SOL,0.0008755159999994634,SOL,2,1
arb_324115888_324115990,324115914,32vdT9QWy8SrspLAKttzuJm2SgmufJt6j9oQqHHNrDbYg1H1s8jmPjqfGhEa5qjRw4deLqELjcd5RrVBP7frxPY3,SOL,0.004475724999994924,SOL,3,1
arb_324115888_324115990,324115914,2rM6q4c2Xq3u4FhxXGyMHMShncwr8A2aTanoYijVjNkVfiWAWSZoy7kSndeQrTAS13zWP3UfjPTSCcwDQpbXNKDe,USDC,0.006765000005543698,USDC,4,1
arb_324115888_324115990,324115914,2PWDEGpz3xWmtoAc2GGEd9RaikH9yML9dycfxmAdHcQXUZPrH16musXySwVgcEZa41xXnzR6xUJbX5asrJFuS4Xh,SOL,0.0024222639999996977,SOL,2,1
arb_324115888_324115990,324115914,5vBzYcJz9yiy7mtLjggo5Apr7DgEwEBdgpdyEDNXPCStLeS5Dzaqsuhpai8aVktsfo4JcCvbj7v6cH1dFNGqjbcV,USDC,0.0007669999977224506,USDC,4,1
arb_324115888_324115990,324115914,5bqeZKZ7DsXSrMnciy2ymm6Q8vG7bfpQejhvzvbY6poCh9hHViqdnZpgZDjHyAEpuZoVeT71RTQvGxN9jfmuPapM,SOL,0.0006782439999979616,SOL,2,1
arb_324115888_324115990,324115914,5hE453RHQk62aExE3UzJXV2g5MotWgB1JsiqACaqZsvirCiqyfENaxAjaCS7sk9k3q416wTL8yh4RimvNU4eumKt,SOL,0.00012545099999950317,SOL,2,1
arb_324115888_324115990,324115914,5MygzSdQEHzE7G6vjZv7jmoyfrH56AsxesamcHtpDs4TpF8zoTFXzR3N9iEEGyAAzX9mVctXxGDPrvh2nYyxCFox,SOL,0.006609513999948254,SOL,3,1
arb_324115888_324115990,324115916,5dmCETcsYLuSfwQf46Hj7LBjhG1dFQt3t5xUy5UEHb4LzNXeYaBsbsTeQRh4Up7cBCLKk33AfnofgxjS2frcadzQ,USDC,0.03188200000295183,USDC,4,1
arb_324115888_324115990,324115916,5dmCETcsYLuSfwQf46Hj7LBjhG1dFQt3t5xUy5UEHb4LzNXeYaBsbsTeQRh4Up7cBCLKk33AfnofgxjS2frcadzQ,USDT,5.999999984851456e-06,USDT,4,1
arb_324115888_324115990,324115916,e5LKBTVi6rPDFBDR7wuDmPXM6YEbWFVt1hSgGyELtGiPg1K6SdfDWsXEBDsChZDF7Qc4Lt2tWk4LvxQTQEEpZVc,SOL,0.002659598999997144,SOL,3,1
arb_324115888_324115990,324115916,3fxVd3L27AqqyorvK9uHMmiv1jXpGJBhaGv1hwxK7SKmYABPi1yVi9P1Q5hPXp9nAB16vMTKGhUcnjmemFfF3Zcn,SOL,0.0010664080000058578,SOL,2,1
arb_324115888_324115990,324115916,47mdgynJREN2YqrBvw3FYDHEPa7TkH7omhrgdak8jtjVAJw5ihmpUUiR8DdFFyPJ26T2aK9TTXFKmqgxrpj3WQRm,USDC,0.5635939999920083,USDC,4,1
arb_324115888_324115990,324115916,2wg4XGZ26p4BP2xZntmfc27APvDvdDUDZMVsTFFYsd7UZ6qKqDVLnwqwkNvNDBokN94uHA5GNnYZk9XLMUs6Qg8G,SOL,1.1659000005401595e-05,SOL,3,1
arb_324115888_324115990,324115916,wXd6ow5AUNksju1N9NrcPiSdyFynTVYQJNYjBHtMEHnj1JrSeRAPQia2rP6BhxCucUt3RhrM3chnqza8QbtqLhQ,SOL,0.00013759399999988805,SOL,3,1
arb_324115888_324115990,324115916,2JRoaS742zeS7MWFw1vu68ec7SfdPweZTxETFdi46D6SQnRfzjP74BgjCEXNmVs9KqdkrK2xGSQK6fy88dPa3tAt,SOL,1.8944999992946847e-05,SOL,2,1
arb_324115888_324115990,324115916,F4fPzhmvydxGCs3o69JF1SjahGW3hfGUBEQ5quewSXqVYrCjMGhpZWRoBxZckx8VvxiV9XdsonuEZAEt3XqSswU,SOL,0.009800520999998553,SOL,2,1
arb_324115888_324115990,324115916,Msu4QzYRfeHxEKhTQmhrWTGrpPxVj8SESkRBEBSoSUqwJmvP9MEL5TMG3D2DXmAEQ8JDyqvFgozcLV4ybFtyQ88,SOL,0.0002427659999897307,SOL,2,1
arb_324115888_324115990,324115916,9Gw3Bjm8hGd4aZrV4rorZt6JuHKpMVfS5rr3rPsn3tSnMh2Pxzu2BA9rvMRg5QwewESz46D78DurH2D83ckeoAk,SOL,0.0007412670000247128,SOL,3,1
arb_324115888_324115990,324115916,4MARDYDSymbArnYdrnrwUdjKXAYs6tYRZebfQM7UDTmE6xz2UGrNmFMHD3wUbypfqS9QMRv7ey7M1gfBzcCGVsGb,SOL,0.0010818140000003033,SOL,3,1
arb_324115888_324115990,324115916,3xr7j3uJ5joMrbRJAL49Dsqvh1yE2S2VBvHT3Upr9Aj55qgPtysCFJhbyUxoGGsmPTmrEFQ58g27A2thjgzQa1YE,SOL,0.019807080000007762,SOL,2,1
arb_324115888_324115990,324115916,2hE75bz5Bbvf4xvRTTYkEdc3a8cSzVbSEPBxGHosRgf6F358aJAW6riWtGqtUtxVgoSXpRKW7oWHwnPd5kQSkaTJ,USDC,0.0015700000000151704,USDC,3,1
arb_324115888_324115990,324115916,5jUn3jPaucfzFE21yqz1LG9PEQ3ArVG2xRZWgCWmw3WbaJvqk8cBqqosZ7YN3oiyjsdfpUDieNR9cXCzBQGLaKEH,SOL,7.296399999978435e-05,SOL,2,1
arb_324115888_324115990,324115912,qhXa68YZbN8wBdUNAewEF2b9RQnWeNJbPTj5p73umrTTRkhFUbj8cRHUEau3aoKzN5TYDfg6BGZYa62TcF8vc9N,USDC,2.6444250000058673,USDC,3,1
arb_324115888_324115990,324115912,5LCfUaBAuJ1248Z9Hrwr2e5ZKu7bjpcm5jeQE3YUNapgJnXbyFnfpW4tFiwPbMSkULR9swwW4YMPYdoQxrH4Z99m,SOL,0.008155417000013532,SOL,3,1
arb_324115888_324115990,324115912,536Q6vwXCfYuqU3CFHKseUSSbKjTixjtJnbZGeFNwkGJK1FVkBiHUPAjez2Sc9f23LgeTHLN87haLcagkVRv2Fzk,SOL,0.002805240999973196,SOL,3,1
arb_324115888_324115990,324115912,2mknDFgUqiWDFCcZhYgPjrxvZqxFScAGznqZsyGEwkJQCHCZrVcZm4DwewY6EYsGKH8SBcpaESdxLWHmQ3Togryz,SOL,0.00028806099999879734,SOL,2,1
arb_324115888_324115990,324115912,4xbvLTVkMb4PFJfazqL6EFfu7nAv1LfA2R5Uzcf4mX6UcByPi7xyB4a6QA3Rh9BYow2gTXW43sSk3bTj8mwhbsz4,SOL,0.0036898050000027873,SOL,2,1
arb_324115888_324115990,324115912,4jR8siumQiHXuY3Xz1vRRmzpwAQHXW9eSg6Gtz9dBRc5B1xkt12Ht5bsKASSuuvAcn7iStr4sRrLpKJYUSdnDkmM,SOL,0.00774747900000445,SOL,2,1
arb_324115888_324115990,324115912,5hWFRfGGhaPwsxKaWLavCv4tQKMNuvZGb4AiBVAhKNzLWDfRbMWrqdxo5kAou4uHchspva4dko1Std3pADdtCZow,SOL,0.04057799900000051,SOL,2,1
arb_324115888_324115990,324115912,2fKHG6bJjTGL6iBwFUiwbEikqnpCZZv51sbzAhWGG2GP9WtEvG5kjaCYToxSdK3KU9J1oCQ1cmaeAMJJreHE4PNk,SOL,0.00035855900000130077,SOL,2,1
arb_324115888_324115990,324115912,t2VMnMmJkGhdJ91rhGXAMA4gN3yHe4o39haXpXyav2YF2QgCFzBoPyTGbqHdA14jS4Wo91wJbjUGEHJkx3yCtvT,SOL,0.0005851669998285002,SOL,3,1
arb_324115888_324115990,324115912,2U2cWuEqMkiqbz6UkYQEPxRLcLuWp1HGNLJZsKHhmFAVdK1BpHbUtyDdhHuN6xb9ik3ZPCE5PkutQvSD7UocPgZt,SOL,0.00042616899933937426,SOL,2,1
arb_324115888_324115990,324115910,4UPCDceHN2cFFyYYjXkiuY8nE14vV3jKtL4subDTBM28Adhxy5qtCx8XX2wkXTXwsMbCa6c5zFFouYUUfXUp6nRt,SOL,0.0015499929999956044,SOL,2,1
arb_324115888_324115990,324115910,3kP4kQHgHj6EbuzywvUrU8aumBzs4kxe65CZ7uFtEyo4kgoiaE6FPTytTPeLWSQ3ddouHE65QwFjY27KRkkwm1KG,SOL,0.0003003829999698045,SOL,2,1
arb_324115888_324115990,324115910,5PTePjmfoFgFW4RxiJHxceT491TQgjTmQuKmsYBhJjHu46efeKiaLoLF7AYPwZDZ5KKYbasbKbWdsGkssugQL2K7,SOL,0.0015573839999983015,SOL,2,1
arb_324115888_324115990,324115910,2wiBPTVzMYwaL52dpHJWofKWzJYQTzj6aLfyUKEHmBFi1BZRftBibDe69aGmMFDgYEiPZTDNxRZH2AD3Zjctzte4,SOL,0.0006381999999978665,SOL,3,1
arb_324115888_324115990,324115910,42Yy4u9HfZssrZcdUPH7nzSA2phyroQcQL1ovkriJWJ3bWM3itYCZDjFanWD8t4HcAUP2fdLT3bQWUezCxk5vyRB,USDC,0.16000300005543977,USDC,2,1
arb_324115888_324115990,324115910,5ZjQZWfviLLvUYL6bg8kWYKWHVttzVwz1r7gPwGn8Gk4DrfPG8DNfhwBcN6c45ctAjEnsfA684P5fpMZjxFn67u,SOL,0.00024253100000038233,SOL,3,1
arb_324115888_324115990,324115910,2oHa5sMXyJm4MMfFFF4Jkbs5HUNCRa4kUr59fvgZjsbUxu4qTAnpb4Eg33rJMxy1QMYVw2vSacxcNWJxDgJhD496,USDC,0.04124500000034459,USDC,4,1
arb_324115888_324115990,324115910,p7A5uMFeWpJ5paFwVGu4v6x29HVkTp9fzXSL72QjyNg6MVfLavVgWrrgQArJ92YXauTuX8wbHdmw9Q2JXVa5h6H,USDC,0.033612999999604654,USDC,4,1
arb_324115888_324115990,324115910,p7A5uMFeWpJ5paFwVGu4v6x29HVkTp9fzXSL72QjyNg6MVfLavVgWrrgQArJ92YXauTuX8wbHdmw9Q2JXVa5h6H,USDT,7.000000039170118e-06,USDT,4,1
arb_324115888_324115990,324115909,54VgbvBgZMrqyfAnk6t3YZHuusV6kXEXEfRML4XWa7FQss83aKcxte9fadp9zvunGqfsk1AB1tN8eX2KJ8e92t4d,SOL,0.00014911400000349487,SOL,3,1
arb_324115888_324115990,324115909,4NWikHekn5rTMU4ZvLzqgf8pihPiSsZWyuevZnFLUjMwqA2byMeqDXRNjPEpJ9PPscHz9iaruJ12FDZQVRGhjXnq,USDC,0.09076199999981327,USDC,3,1
arb_324115888_324115990,324115909,mS55vEbGLVNToZKmq9uQbhDMbFNVcrLVwe263KsFdg3dsPwfPd6vkBmVZpnnetYKVVtU2GWzqXbm2rf3rSbH1Gh,SOL,3.997800000490119e-05,SOL,4,1
arb_324115888_324115990,324115909,thNNu8Yd4uCUsemTPxf7WVVtgEXEtu2tWV9ivPuFKd5B1nHxx5vVfg3Jv73gG1swnuDu5yLiSw6ANPvqVDzJtPb,SOL,0.003425797999960566,SOL,4,1
arb_324115888_324115990,324115909,5eAZ8z7xk3kuQLjtot6EGAdZWqz4TYrvSDD7J8a491nCxo5int7iLZX9eJTBjJUH1xbxhEENPx47yatbef2vnFhB,SOL,0.0014872810001192397,SOL,2,1
arb_324115888_324115990,324115909,4Z47dVd9Ms3dGyu5zaMorfdEoePcpC7QqyiU5vtZXh1ayKfvjVfxDu5iU7AP95jT5LBLJzmi4SPNjLusfSu2axs7,SOL,0.017891430999858432,SOL,2,1
arb_324115888_324115990,324115909,6662qU1vGEFpnnWs9bYV2Yki1bsYDtaPNpmyR5E52xWmNpE7qmH1thaAsPpA7WCPADWWAgbNeEUuJZid3ctnbGF1,SOL,9.07979999994546e-05,SOL,3,1
arb_324115888_324115990,324115909,5VbnordJAnC4tVni35cL7gFrRnkKraXLZ3bHSxreSJLFpKmVAfWSmS6KwzyiYDztjxsyBiuxDGHazprX3uuPutkX,SOL,0.006935045000003068,SOL,2,1
arb_324115888_324115990,324115909,4mxJM237t9uTXaWioVrVqHe64hZwyVmVnsdo9XdvWmFprAHkFDfHUfaujBUu3TJLWLFEGjFEpUDNnPxEzHTG5XR9,USDC,3.9400250000180677,USDC,2,1
arb_324115888_324115990,324115909,h9AFo4Y9FyGWC1y6qbeFHzAsMJXg6B4BoeTmpydsY8hBL2wL7kP53LfG8qhxLmn5fhgid1oQyTnMQCKUmsQyVvb,SOL,0.0242524580006476,SOL,2,1
arb_324115888_324115990,324115909,2WgXY6EasheCjGi1amteh62fqQPwnGm43fBnx2L8biUepMvLrxGCMdgnmQVjAQMZAp1kMv4QwMpiAhg2vZ8D2v93,SOL,3.6212000016821544e-05,SOL,3,1
arb_324115888_324115990,324115909,4ZHBSBdtywRLhBn2o1cyBE2VEFuyVeNgfJcFnVZgVGa6ZSiSWF6nioScpjqVYMAq1ysNedDwwaqyEog1DCeiGZtp,SOL,4.619600000016277e-05,SOL,2,1
arb_324115888_324115990,324115909,2p4upcCkRtujAEXukwAHdfiWkZoepoEsmihLK79MJUBXYjuZ1PBUTCt141rTNJgmPaxM88LUxiSJ53irSQwHV5PV,SOL,0.011066834000000851,SOL,2,1
arb_324115888_324115990,324115909,25sP3dKCaqk2hbBB5CcnanaZvQfrDJkaC2LtQF3co7WzXiZt3ijSwCstKb6yB9fCkD3zWdhhxLDn4wyrRZrodb5r,SOL,0.009333323999999747,SOL,2,1
arb_324115888_324115990,324115909,KTfANJEwQ1BKpi7hF316mL5oUuPHoZNGgmL5HnRuf5orWgv5aX7Dd8KuRBZXQB557YSn1pmqA4zwJx35mpisE2w,SOL,0.005971845999997554,SOL,2,1
arb_324115888_324115990,324115909,66myJinxbbssRkMDM2BToVQKaWVPP41MLDVrGHV1UXsW7mtCyab7FJMiNd72XGg6if9BxPPtb2FJGrbvo7indqHK,SOL,0.002198208000002601,SOL,2,1
arb_324115888_324115990,324115915,4jRQdy5dXugg48MwiBeAUtPJtU8UoeicxkvGihgxzUM9zaoZr9yUj7HFspTS8o4LwC81Z2s3r9fPAjGkwQR1ki4R,USDC,32770.502230000006,USDC,4,1
arb_324115888_324115990,324115915,2knpzkiEyR8wmzPiFEiu1zwswGBG1feLz1wv8MTjgPCkMDyMZpSvDp87bWKunnYa3EwTM7sZxJVzg3iR6YWH1nUu,SOL,0.0009432540000239655,SOL,3,1
arb_324115888_324115990,324115915,645z3CUmFV4V1kPiPmUGekoyQ3inQmQtFkjtmV8qD24soWcESimadwMztuX7quGT1J4PJWFjsXHiJcuihuapSg1T,SOL,0.010583408000276014,SOL,3,1
arb_324115888_324115990,324115915,E1RBfPu28cXm3p6ki7Vc6notkwxgzx6BfBp2grZ8cuYNjEbwSdYdJCoivT4Cx5peVdxYAUnEekRp7UdKZnaCwj9,SOL,0.010155418999996526,SOL,2,1
arb_324115888_324115990,324115915,4FC2wpng1AubFTA8cGz1V9NiTL67shdWtpxyACVXSayJijgiiVaPg2Xau2hD9ytr8WCUZ8KgJ9MePbu7SeAZVsYu,SOL,0.0029421229999677017,SOL,3,1
arb_324115888_324115990,324115915,3BjunpAoRZSYEiUtPVTtNZYdnXTi2tSmjsGRT9kypZyFcG3BUDp3cCqFb5qLm5rxKELV3aZS63TaXCHgfSDsD86h,SOL,0.00014850000000183494,SOL,3,1
arb_324115888_324115990,324115915,35FZbfxVYzBRszmPvHGjQJYxLdpFHWaAKApVqaNzwzUjaMt5Xxz4wkWwHmwYBLd33TfMURxu9sFeSQGPHTyx19ku,SOL,0.002687993999997201,SOL,3,1
arb_324115888_324115990,324115915,5Ed5G2zDgXXichB3pPxWaX9k4NQyNkWeqTKZk6V3YdDJzQVaShQ61Vi7Skqocgtoyv5Yk2cezWSP4jT3Hpt7yZ8w,SOL,0.002192275000001683,SOL,3,1
arb_324115888_324115990,324115915,7XqLHBQLin7ev4oyoaHinTc1Zk8DnRCKNVYDm6LEFEH1dZBT8t1c6gY7xsw8bnesuHaRuwB4TfZn8DfxZPtUPKr,USDC,0.11250300000392599,USDC,2,1
arb_324115888_324115990,324115915,5L6y2WhzFK3EmrawHP8c2tRc3XH37oMV6ZGMgCHXaWCpSP9pR5iWnYna3QaEgsqFiY6vYC6JLwNHuda2sJHSs648,SOL,0.0031440100000037353,SOL,2,1
arb_324115888_324115990,324115915,5qHMPtHggrZwHXmvQjnRjD5tFezLjDfWZ5NRS3ckHE9z1XNuP3Kqhk7VrARyDp5kyMWjEXjksykxmsfUrWLLkm2W,SOL,0.002084386000012199,SOL,3,1
arb_324115888_324115990,324115915,3RL21mM9fhCQxXBBNuw43Mn3ZDSorQpmJWfADzR5KfPJsc5N9ctNREyPPy2ZGkbFHvikCaWDboCfzL4G4MR5fDMV,SOL,0.005450279000004925,SOL,3,1
arb_324115888_324115990,324115915,2gLVBMFTYSSaGM9T8DHnyoGMpow6H6uAH5vSqjbmjWPD9veagGTJ2Gr8RpgzymY9bCFJbLLoufqHj9zmhAW6Zzi5,SOL,0.0012914319999934444,SOL,3,1
arb_324115888_324115990,324115921,5exema7vogVXndh5vkC49okEJydYy33WM7gEZUkq6QGs7suH5TCZWJpLSu359HJpGbBSK5uSTMejRgnCckzWsfhd,SOL,0.0013407210000020617,SOL,3,1
arb_324115888_324115990,324115921,26i5FrxW49SSExPHBdrbEP58Zujr5b5CZk46NvULoFPqLcMUBd1qDjomzUFHX1EX9zMGkc395wEYjYjJp5NyywaP,SOL,0.0002137370000000775,SOL,4,1
arb_324115888_324115990,324115921,2rRF7ZBWzhkaae7KSZFBTRkZ2vNf1reCq8LGZHTr6ZqwkRLy5dENMAurHouri88HoKvbvFfAi2QAKbsXzSSAuXpV,SOL,1.1280999998960009e-05,SOL,4,1
arb_324115888_324115990,324115921,2pZf9mYzHPh5DGsiWFedg5YAtt7koiCNSGHA5wdEXEkyKt1LfrmgAZjjWTZv2rw4LHv9qRUudRNc3Z1DFWKutap7,SOL,9.342999991426935e-05,SOL,2,1
arb_324115888_324115990,324115921,n3DGucHhMBwaCRaTEpNhtXxR43B4DqMy7DJX2g3kFmR9772g3RPCRN48wjyz6jEmZog4h7LAWm9GSWKiZp4NGjH,SOL,0.005097764000002329,SOL,4,1
arb_324115888_324115990,324115921,4Dq9ZhRFvHGBDiawBk2ovzCmv4vp7JkdzNBuDvqkL6J4mBS2oe5jC562E5TasnDniQfjBT4ypAt2cWeeKf9QNYZq,SOL,4.5761000019303235e-05,SOL,3,1
arb_324115888_324115990,324115921,3txNVzerLBUq98yu8u6jAZXV1b2Garmpzf5EykTMDX4XEAinFTxJQzT7SsexjE9ssXUGskRiNSm6tyyoLy5zcF18,SOL,0.00014910199997741634,SOL,3,1
arb_324115888_324115990,324115921,hcMUWzK9BGLQs1izUmFAu8YVDz9nRwQvxBHRLdK2T4BBwbEFNP7RrzvhpPaiqh9kCuQ3Ghbs8ftpjQFL7oAY4wx,USDT,0.03563199999916833,USDT,4,1
arb_324115888_324115990,324115921,22mf9TFkSgC71wgGihM9ewvW3VHQSZ6ZB53agvSpu9rU9EhNFW64tLJUdy9SKv1KLDk7bPK5swR56DJjvS6NVBqt,SOL,0.00011526399999443795,SOL,2,1
arb_324115888_324115990,324115921,4AJfqVvrZkFVGz9b4cd5HD7961J7US9JmndekaTeUWa7RnKd2dxgHYkAqULB1CGhjHTAZra94HMQCJhzZjK61X8p,SOL,0.0025047969999952486,SOL,2,1
arb_324115888_324115990,324115921,4v8NBaw4wTFZp54mcmrujdQcTkwsWoJR6uq7fKWx3uFZzrZwRYyBAemrstjk4TpnvCWHowJna6WRrYXGfZ6eefx1,SOL,6.243599999925436e-05,SOL,2,1
arb_324115888_324115990,324115921,4RjCCgAdNo7H1HRnXtStVXcAJzbvW6DAtPioZMThvjwM7NspDeaZWUukEVEKsotr6ycqD4hwH1fd1wF35Fd54afH,SOL,0.000207986000000501,SOL,2,1
arb_324115888_324115990,324115921,5skaDkPwy86HfwGQvbgz4vjgyHfxNYqKASC3MFYndzMF58bEUKPnazZvo3pBkGkVTpb6YNz6cfU5N4Xp6y8cLHk3,SOL,0.009387333999943999,SOL,5,1
arb_324115888_324115990,324115921,2P7Ez9Ca3BXiCRBCJsDFAvfTLB2sF5W14CuyMEoDbem49ns64PuC6bZMyxFS8anSjNGbymkCwpiu8sviYnhyiWwJ,SOL,0.000745027999998342,SOL,3,1
arb_324115888_324115990,324115921,215bkrigKxKxdcBaMk48N5JL2a6uzf7G9LhRozUbUycz54Q5bmtsm3c4J6e4D6QCfM6ZqyDG2fZeXCvfJpwMVnEU,SOL,0.000608726999983661,SOL,3,1
arb_324115888_324115990,324115921,djd3yEwCvcSnb7wz4KYzpbQJHDbwjHgVjWyhBQfKeqvWTiDT94jVSsFRHPTXg6Jxoy7hhfKZGTfSfahtGkxjdbZ,SOL,0.0002648360000000508,SOL,2,1
arb_324115888_324115990,324115921,53am26BbG86F4MhdjtRAKrAtEuQTveYTiJQMvpKLRVvNGAZ1zEBmcM7k6geQbuTmRCuBGFSh1FPnE2ucqUxrndMs,SOL,0.0003626029999979045,SOL,4,1
arb_324115888_324115990,324115921,2n7mBpd1JGSsPT5Pq7TCSTeM55WaREzbpc4AmnQwHig7E3rcxeHtNspbSFVxcGHPpAiVdjmMidjsU1jDNyXki32q,SOL,0.0004882360000066032,SOL,3,1
arb_324115888_324115990,324115921,2fuRpFeTeRpVtMxtcqWMPmADcRJgqeu8jRZ7KfcCoxLFQJyz5JVqyu4uodPYKnBxgrGi43ADPmspeNAKuXzA3r1c,SOL,0.0005946799999893801,SOL,2,1
arb_324115888_324115990,324115921,Ne4fF42tuQMHN3XuxgCmyFXAjPxCX6rf4mhDhSzy5VzFXnqAbKbmWSiM2YStGCui9aGV7zZQn8Hrg4juJ9A6kiR,USDC,0.13407500000175787,USDC,3,1
arb_324115888_324115990,324115921,5zYKhA7AhJoQiG3TXaBhd47S9fLK1RQQiqto3kFkKZEuw3d9wsSqkEoMpMffsTxJXXxy1tJxRLf4TG2JPQLhXB97,SOL,0.00013572700005133617,SOL,4,1
arb_324115888_324115990,324115921,PD7AUxAcvJGANbPtXP61ncoknRMMVQbULrrMEBQGp1TQ65uG997CjZJ3SHhUDDtcwtkNkqhrJM66Mk3bhjbBVPp,USDC,0.02882199999999102,USDC,3,1
arb_324115888_324115990,324115921,2Qf1Q9XcP3jqt89fMwymKuzdzQGzTCt7jDZBwHhGpZuFRsFS613mbDTYvhzGxueMqUobk7PdAvDVR2WXcTKphPVh,SOL,1.924199999998061e-05,SOL,2,1
arb_324115888_324115990,324115919,3H1jRWd2gUPy4HR6fhqFtbWgSG2nQeBMi4Bz7LM1HfbS7ekySykXjoAs98QEjBAw6fYZvWskKAh7eKK1Z6Ycfxsv,SOL,6.087999992761552e-05,SOL,2,1
arb_324115888_324115990,324115919,2T9xsuSyf58ENuEwRgiZRi4K8RuxNsmt4s4MftaVxMauBpJN212Ba2893UiwmGu8UCMmyphXjUFJ4YkwpxaNFtx3,SOL,0.00015901700000185335,SOL,4,1
arb_324115888_324115990,324115919,4tvx1RwbaYAXweq9FMTP3uGwDaa9agkCV69kUgXh3j7z6uEUB3hJ9t4RaykcHaSwV1jxWgsKrVDFh9Vg86BgWGXf,SOL,7.737900000757804e-05,SOL,3,1
arb_324115888_324115990,324115919,4yS8wiA8WWuzoPLXtAxpWfYXx1eAKCAqwYdBirVwmzphwxtKWoNpniW1tdeqZjADiiskFmqpruHMRXQyBMmTwFoG,SOL,0.000223525000007012,SOL,4,1
arb_324115888_324115990,324115919,4JQDtoRzxcbbAiVbQJB8orbSHMKECt2XA2SK4wK75RgCXnzBUZ2n1GoXCDjjxa7CCgX9WUoV9WQVjkkzQHsT6jzD,SOL,0.00021888699999949402,SOL,3,1
arb_324115888_324115990,324115919,3UsxrtwNBf3fuSGfrnVZHXmUh4jk8W5wAXgYgavPJuCnZjfVd6tzVAQ3B7sfaSzi7Px5ptdy4jeMJDxGBWnicsRa,USDC,1.621644000057131,USDC,3,1
arb_324115888_324115990,324115919,3Qy74KJs5dir25b9JWxGqCDttHbNwRmehT2ZGGsWuJ6ExEXEmsqBXyiUmj9zrToV4mbiert5uXqKxmmKkEjfLyuC,SOL,0.0004424029999950865,SOL,3,1
arb_324115888_324115990,324115919,3hfxpbVn8QSALjh2ZLEasF8VPf964z79sDTUYSr79gTvxQyQCXLYgvMcoUfKpSsq9HutPEtST6UYiN8GufGcmoH5,SOL,0.0004332189999937189,SOL,3,1
arb_324115888_324115990,324115919,474J5Wjq33nX7EWUMKVFZBBsTjRcE4FyXmEPMqTxA6JVXK7n72DCgy8MRoNe78jA6n2kAiPHKv7g7FgV4sneFePt,SOL,4.7478999993829545e-05,SOL,2,1
arb_324115888_324115990,324115919,3rZFxQUSdgYNux4NjBcRmwX4xsGudgjaLXdNYaXFN6x4L85rBUERPgUDdabnjH6P5y6A4L6kLmY6rLRbedR5JDNu,SOL,0.0013532060000163602,SOL,3,1
arb_324115888_324115990,324115913,5fUpwPyMJbP5wCTLVEaWntyeLBSbVj8znszFrKuetJQeJhNT6RxGc5FVKW1o1tSwmbRRy3bYvfPmKc9Hv1K5FaYj,SOL,0.017874397000129865,SOL,2,1
arb_324115888_324115990,324115913,3mJiV4zWJGmQTVEVSPdk5ScgydJLFMmdyXz5rbtuqcey2TE23L4s7UgKMJmmPjocX94vjode6n6kLhkbyUcb4E13,SOL,0.01606495599984547,SOL,2,1
arb_324115888_324115990,324115913,3zMd6xqJbUSvmwX5i1Fqj6z9bH7RscByTy6F38thHDZnbAyM95p83iNGAJbYT7STNXPormDhtVVfzLyxhyu1UyVR,SOL,0.0059367209998548685,SOL,3,1
arb_324115888_324115990,324115913,44Cz8tvdcm6Ey5QW3W7ezBv8UKFYhMbtoEowsgM1zD5hSVESgeaH3rzWnddGUrZwf153EbBSCXBarPmtXBPVqfrG,SOL,0.0005776439999982199,SOL,2,1
arb_324115888_324115990,324115923,4DdwTpgW5XeLjKZvcgiBtxGvHXs2EE33JY9PXW44RSntANNjr6gofVc6Fevof9hbiybCxbokXrfrp96cnuAfGQE5,SOL,0.000203851000036814,SOL,3,1
arb_324115888_324115990,324115923,5zFcVKpNKBxAoTaNycKyXc9spXADJi3nx47gEfztgZS8NbttRkQqRvSwJkBxRSXdAgTVYgMdp9uXT19are8zJ7uH,USDC,0.4582440000376664,USDC,2,1
arb_324115888_324115990,324115923,57re6C1zqm1kWCdnN7PCoTvKsusRwBJcjySXs3RWHwT2rQ2tx1UDvhsqd3F4AEAznb2CpPGkRopPFghgGYfvFExz,USDC,0.12665599999309052,USDC,2,1
arb_324115888_324115990,324115923,5ZSFQzrJs3k3Tw5SBdT2gj8FPB3U4XCEdMk1xaUXeQDuEwDhVYG5rF1hzjXgFYDg5V3cyMgTNRzf6vPGSkzqRAAU,USDC,0.5761689999999362,USDC,4,1
arb_324115888_324115990,324115923,2hhqNjxckSqA3FHNXNhDVMkqdsfHh6HdwG8rbk74gDmjBzj7T6zwFaiHtnxUBXDveePEFK4hNa1FW5Gqkgn6SbW,SOL,1.3495999956856554e-05,SOL,2,1
arb_324115888_324115990,324115923,5N7YLSjvQ5xJMnbuL3zTuwe1K3ukaiFDSY7KJcivzRuUytwewfTZb31sCcasZCpN2zjXjeHhK1TYEQUqEM5EcHsj,SOL,0.00038450699995251603,SOL,3,1
arb_324115888_324115990,324115923,4ZK7m18BmuJcNS8iCv8UCjn21zCdN5MBp6nVmFsMb2DoXGXvahsCpY7vxoChoivWRTQ7c9ZFN8TpJhMxn37PBHqr,SOL,0.006541379000000668,SOL,2,1
arb_324115888_324115990,324115923,61GwDHiGZqyVsCVBQTe6L2Pat1syx21HSMCu411Cu1VzdXncUgPPiKJxz7aNUG373DgPWDb2W8VrqsWXCkxDGKyL,SOL,0.021505014999563938,SOL,2,1
arb_324115888_324115990,324115923,4zBebbsj3mEzZj5aQYCdNfxTbG7xRY9pW5vjEr3C5Dz3H4JLJ6dFXiFN1Mj2VusNsLbpNc3cN1wokz7TsBRXrTUz,SOL,0.031231125000193368,SOL,2,1
arb_324115888_324115990,324115923,4fa9zFYbxNdRYunm6KtN32GBUPLVCzU2o9wSJRdMgnipFGBSGjxhwnub7vVV9b8YPc5LLPJ5Q3t56DCjxNVvFMsW,SOL,0.0001461049999979514,SOL,2,1
arb_324115888_324115990,324115923,51816DfVv5nZPkNcDwWiERYZnEGwq63V2NzYPDBJvbT4DLmxdj1KBmGo7enDsgb87DtTXWFdpjrzPKuDwswtT5ui,SOL,0.0004160810000019952,SOL,5,1
arb_324115888_324115990,324115923,4evu9C4npukKGNxSaxWQFvYUQQm3HZSVKDBhT7HqPwjgX9bqZ3E2kmTTXP5qoHV4mhS6tR1Fwv44hmwZi7MtAEck,SOL,0.023726787000655798,SOL,2,1
arb_324115888_324115990,324115929,bUb2KZtmugnwQtJYjo6RWYVx8dXwSQms4x2mqMmyG39wHVZZB6r5mpePkZg3m4rKDyELPJCw2SjNzKomjgcCNQV,USDT,0.39841900000101305,USDT,2,1
arb_324115888_324115990,324115929,3GgRmqpgaYasH9KLQZxkp2yh8t634j41oRfMh97vvXV98EFSfEbq3m8qRD77FxLC1DubpztKo4CLq6moaaVKSCvp,USDC,0.08380100000067614,USDC,3,1
arb_324115888_324115990,324115929,3Czcu2DdDHoe7ymM64sqdvATV21ax1DScYVaChCUDbFtJZ1E1XxEDtdT2nFBV7g4vNNxAGjej6rWRqVHzijRLnYp,SOL,0.002101787999987236,SOL,2,1
arb_324115888_324115990,324115929,4DS36mPydn718MTAJMY72dpYYC6SqdXvfrAAaAjiimzZrgteCgRM5HUqupdLWRJezHV7xkh9kQv7YiPNpmiVxeQh,USDT,0.0702869999986433,USDT,2,1
arb_324115888_324115990,324115929,5jE1QMzJrok4FsYLPFXiCtYMbGP2cu95CUceMz3KXxWz7tn25LnN56MvU65chJ4RuW51cWXWZPH36Xbhy9wAGUjL,USDC,0.04602799999702256,USDC,2,1
arb_324115888_324115990,324115929,WXJfMbnDJEv7ZVuMmonNMF7WYwELxAgnbaovsaAfH7G6KdyBP1QVCwYa9K7y6HJbXqkQXDCYHyJBvG9PDJDVxaC,SOL,0.004958828999995134,SOL,2,1
arb_324115888_324115990,324115929,4YeVKny6y8TddJRnEkMkB3KVBzT4xYuUVp4TC2YAvENfmRPSCsdFZX4yxkJbeKpCfexxnfUgFkYr53m9jEYk7hmh,USDC,1.0221679999958724,USDC,3,1
arb_324115888_324115990,324115929,125PrWKqdG39e3hG8EPRydjkrsn2dntBfjkYmzzaee887UTEMWeGUiH9PBKVHBHWBonyoWJw8r3NGVEdNKvgZhJ3,SOL,0.00031080999999362046,SOL,2,1
arb_324115888_324115990,324115929,4BtmPv3sx5uspxRXG6pY15CuzN71GhmoU6p1RzDwhLD2mr4BXSqYmD4n8EuzZrYT4K12aQxWwwhThQC2K5rb6wTA,USDC,3.035079000001133,USDC,3,1
arb_324115888_324115990,324115929,3M9UX5FL19g8FMv3G3opkchRPYeSKV6Rm8cP9wG9DzuWUTEJFsvqiTeEMtJdsTNnT8zqA1NK9PQt26crwuZgR28d,SOL,0.013885783000095816,SOL,2,1
arb_324115888_324115990,324115929,3FGhrfE6qfxfUKUAzbjTgzecajGfeuiAthX4pu5G2nYRLJ5fRRwkaxRyedfryoUbJDzCbLNc8Tr5vMjyEm3My1Ku,USDC,8.110720000000583,USDC,2,1
arb_324115888_324115990,324115920,28qkKzgVwNeMbtUjhr361Fptk7BHzHC5SfyGaK4eponiu1vTfBWfsgSGncEqC1qTzuUQc1sYM4JpAS7h9PiH1jJj,SOL,0.010084101999696695,SOL,3,1
arb_324115888_324115990,324115920,3qLtQfFtiJMFJdmMK24fQ4aXPWWeBkNtYqe3VYpriAqULGFwYCXwd78ZsNo9HnWJLNu8ZcPjxFTLtwa6cXpWABqc,SOL,0.0008632329999920978,SOL,4,1
arb_324115888_324115990,324115920,26CAzjAk5FCBoVEyKFxGbU3tHX45VQ1FytrRGZ2zpJNFCcqdDdV573fHMQcPmAr1SNwU9x9K47crDZ8EjjapgTrY,SOL,0.0002623460000187841,SOL,3,1
arb_324115888_324115990,324115920,54wjuNFkXHQfUtBBkv5BdJF4RAjvRDDokEmqTpyauEdfh7g4pMUDaVZdTiaV796WKrpYqgvnthvVmrhXFrwejzAX,SOL,0.0006189569999672873,SOL,3,1
arb_324115888_324115990,324115920,4ju9E9TUS1dJekyNZCs8A5EiZQ6964jijbEhjd4B29ickW6MFYmsaxd2juaX6wzw9xd7xNjbwr5mRi7AeyW7zZWJ,USDC,0.1456519999774173,USDC,3,1
arb_324115888_324115990,324115920,33fzUgPv21KeNCG9UD143iiAYATDBpEXB7f8bfEVjZTtLdRZX5BJmXq4n2FPJRsTs1B3FHU86V45NSt6YJniSfFf,SOL,0.000507249000129449,SOL,4,1
arb_324115888_324115990,324115920,5JNGe5wE4TrVLntdxmVJV9e7Vbrk27b7hyCPoDLRZRHJm9HGTrFdkDEoJFaXk8gLwtT6Q3kc8D3Dfpm2vLqJDTKV,USDC,0.02060899999924004,USDC,4,1
arb_324115888_324115990,324115920,4yCYgyP6QdM8svzbBp8aBfM3J6ZYgLP8ZJxsscuy8Zz7aJwnfMi9rDh8Yrse3neJSP9CwrXB9mfXi5vPtyxUxpnN,SOL,0.002035258999961399,SOL,3,1
arb_324115888_324115990,324115920,5a7BkTxmv51R7U9xbV1ChWYG6VvCvTV4FATPiTheNURgWCDjMHWsyRiTtughsdXpdYCtTwzYV6geE5sJ1kzm41Ld,SOL,1.3418999999132325e-05,SOL,2,1
arb_324115888_324115990,324115927,33wf8VUhJziLs51dYm9avPLCMd1qfDJ9K92MiXNMydS9mcNd4xhrvsa899WvNdD3Z4W9v3KbCUg7B6mPFv9JtwPj,USDC,4.1770399999804795,USDC,3,1
arb_324115888_324115990,324115927,2KhuaQLuQnfLpfjBff4i5gKC3RhEQac4d2D96VccX8sLSP4ndBMj764PXZ2sNnx8bSi3jWs9uUqLqSwMXXdGXxH9,USDC,2.6467070000071544,USDC,2,1
arb_324115888_324115990,324115927,67ThT9GWaXZaSuVLajSs8hwenxqXwrwVYFrBNwibFFZNGNfDyALAn4wfaWpjZpxH7Uhmbyin4A56c6gC9uYovpJE,SOL,0.11903627300003067,SOL,3,1
arb_324115888_324115990,324115927,2Bqbdg2yzqXCy27KBPuZ8d8kfRJSEuk484xpy52ksBkUMbpGxgiJJTZaX3uKA1M57FCUgbRbmuB4wJJr9tKff2eq,USDC,67.26773300000059,USDC,2,1
arb_324115888_324115990,324115927,2AVSQiMhUo3rvFzo4vxLXTYcQJG3muv7Mj2G9yWLRUMhVRwA7QNPUofkS3e3fLTK3z5AWsExcwYc2vH3phcfUBCo,SOL,0.003230028000001561,SOL,2,1
arb_324115888_324115990,324115927,43kL3uvefu6E4Ps38369EN4gLoaiREn1BexEHPAeLZbSDLs9gLnrxGL5dZ24pvC3X7aXWkZrq2eRC94sSHBeMyTN,SOL,0.00371176500000324,SOL,2,1
arb_324115888_324115990,324115927,3Xi48unHKTFDwjJaPBPpYbq9kkaZG6URe4kvDEbWeCfHNyT2CFF2rRYTE5NBu3VavVmdQQ9H6VYcNb6nsooxsqpX,SOL,0.012797862000004087,SOL,2,1
arb_324115888_324115990,324115927,2MyfUyyaKPpWBP5iT2gmcz1VMqpXcfk9pFe3gES87cRL91xoGMdxh39ceDSNHvzDSow8SdTmJqDAuMhiAkQAiCyn,SOL,0.3546776149999614,SOL,2,1
arb_324115888_324115990,324115927,3HPXbd6XmydJdfX3vUJTf5fZYWgfMTkNzav4bjxPLdEE8QWqn5uRbW8mL3o4TrocFZZLxCDSTTLDFJRQALKwFNcW,SOL,0.2008762190001213,SOL,2,1
arb_324115888_324115990,324115927,3qCsi99akhfHNRYGc99oV164miMDGT3d43jXMgGFuc4Hy7gXj3pEFw4gn1ZSTdyRXz8hjxZPV6dGHjQQckhk7y28,SOL,0.000574260000002943,SOL,3,1
arb_324115888_324115990,324115927,5GGxr92ywvgQk33TMPa7UV88Lnb3AX4gkVciS2U4HP3ESsToNYoadfsuhRyWqmQ8tV2mRo5scbx7heoRDLDprvb8,SOL,0.0007421059999713923,SOL,3,1
arb_324115888_324115990,324115927,3KkRQbmqo9asaHpU5WuYQqPWJDYqn52XJqD85Zt7imvp1iKnREHZNiFFKTtYbrmTihw982YAjWyoyjvcrEd1wouK,SOL,0.00034992799994150014,SOL,3,1
arb_324115888_324115990,324115927,27ZS9JS1Kd3gu4f3kaiwg5pcKza9au4EL2bxTmTSY2PDiMmyBMC3i5B1rEySP4tPLJfCwSTzxyYSskquPP5F6o51,SOL,0.034724121000016824,SOL,3,1
arb_324115888_324115990,324115927,5uVis8cKunnvuWdcoEfwys6rbyne9ZXTRYJ25xE4yU68CMtTTYUH2izViuzRCF2vdP3XuWYFFrGFg8aGYb3gwDKZ,SOL,0.026467545000000356,SOL,2,1
arb_324115888_324115990,324115927,hURtV29YnbbSRLjWM3dkHAzhVVUM4HGj7soqRxN57ZqJnx8VvCWZC8peWo6241PPgbMWXz6ibLQ6u2bVHWG6Fra,SOL,0.0031819630000006075,SOL,2,1
arb_324115888_324115990,324115927,4pjfUk4qCjdCJLVqTSpeW1ouA6FTNz8SkfvB33vjDnYKaF5u4bFSP25CcBcrK3SiwsPC6s8qMr2xRXWLy1CQxyAy,SOL,0.006341978999988632,SOL,5,1
arb_324115888_324115990,324115927,3GvVNJE83zcaGcDhK78NKyCtmQaYs5JsYCJUWXKLZBmvGVVzEaFp9Wb7YQbykL2f8swFNgvH5E7f5gu1wf7iusY9,SOL,0.0026512019999948727,SOL,4,1
arb_324115888_324115990,324115927,3gfHtW7Aa9dR3JEwxyg3NudXjD9Cu5AVb1MuNmKWhR95Sct5a9yNxUhMmPNqgfmiRpQx3WkMnMEJ635peSCiiAF8,USDC,350.9593700000005,USDC,2,1
arb_324115888_324115990,324115927,3sh3L313NThotUpqmohVGp37C5h5kw6XLHSF1C4zCZ5phbWyDyXUN6FgT9W3PubLAdQ6faon664n4UFUU1xmu1rj,SOL,0.04678196600006391,SOL,4,1
arb_324115888_324115990,324115927,4SSvkdtUnVWuYihD7cyNcCHiuMvcVMS4d9kKj2Mri81X3uqVXig7M9zy1mJAAqVVh9cftLszJrG8SyzuXYKXqJQA,SOL,0.03678339099980041,SOL,2,1
arb_324115888_324115990,324115927,3NAvd4W2TNpZ6YGQcNGDCiikWgiMbWgQCDDvhxrs13AN91Ry5NVXSCzxV1Rqto2E8K4Q4drevrhT1oWpe7HivK3s,SOL,0.0011452080000000945,SOL,4,1
arb_324115888_324115990,324115927,4sxGDHVeJTawrS36CqiCvRwbkD4oa1sDeVAuR4Z74tRbrVhPCTf3QrLmNWoTqfsjryVHh2P5TnZPtWiNgerKjadh,SOL,0.0005604910000048741,SOL,4,1
arb_324115888_324115990,324115927,5vddd3T63etyDCzc5j3kvuWZA5EUVEW6xAPwB8uhT7WKM4aJQcQfT2oxXxwNUBDxWbG2FSGhC8MtPPtK1RnfHyhU,SOL,3.206500000240537e-05,SOL,4,1
arb_324115888_324115990,324115925,YD1SWcD6237aASSJPgmXd8jrAPruY7HyzZt9TWqhvvQHtpzqQmsrASbpeajmZ7qhDGLmdjhWirwkSrwqdMVUxpf,SOL,0.0006179769999856777,SOL,3,1
arb_324115888_324115990,324115925,38sLMnrPqsxYXk9avauTXErNh9yqw3XR8ZQcCytHZWUddZQNjuJbEXKDws2t8ytPRUdCNxF5dSQJtNgULAAw971s,USDC,0.002613999999994121,USDC,2,1
arb_324115888_324115990,324115925,4tbuRENsFFHaJX5YFe7xw2M58jSwKH7gWZk5fojAr4vSwNEaQqwUaDhQ6B9G7JfF1BnbtY4a21sbLAoo12PGCwtv,USDC,0.0006809999999859428,USDC,2,1
arb_324115888_324115990,324115925,3uf6Gd9rcDzjs66nGSedSHpodViWjWfTbA768bSnoBgGxwvYobxFMCfm6gcQ8dTPwrw7LuxwEDerhvpz6hWqYJKY,SOL,0.0007462190000027068,SOL,3,1
arb_324115888_324115990,324115925,ffH4z4t8w838NehoBthGDzZbQ8Y2FDoNMjGLJddrZ2pAbZdfPyDn7jRApBpVSYnF9MpEYuzkUvgw1YP2L1CtoRt,SOL,0.02670426600000409,SOL,2,1
arb_324115888_324115990,324115925,2ujtqXfKq6nWwhijF1d58ZdfgVhRSJ3EX7cGETNm6TV3e4tkX8K66KHhUVJucMmqqgCP5FgMAihimg7HDRwrsyM5,SOL,0.002851868999998128,SOL,2,1
arb_324115888_324115990,324115925,yTVxW42JGouNheytDNU2M6yTCFukmBgtC9faSvNbv7tSoyAsrDz977r5CbCBjBA8XMrqgS6VFPsj7y2S5TkCFud,SOL,0.000495146999997273,SOL,2,1
arb_324115888_324115990,324115925,1U7ipjP6h6Sd11neLMtXwSy1KcGmRKTEg9GhZRkPYb9bWd3WSpMpzMz87qzUNRoi9289qqWpY9HBCfT7JaHVZB2,SOL,0.0007360890000001471,SOL,2,1
arb_324115888_324115990,324115925,4nfXedpKczmjokFmtWE8pXDk17LW6v4gjkAjrii2UPZCrWCHZNorrg5qnQXFR3HfpD2Kigz7gQECK872dAyGiPds,SOL,0.000454138000000969,SOL,2,1
arb_324115888_324115990,324115925,3JAGhMFZPWDksKzVAA2VvtvJyaz3VPKGDvMXKH4XQ2YZnR9R6U2w5zPsBFfjwHZy2inw3CBGjfoTMGNB8XmYvQcd,SOL,0.0006757270001042925,SOL,2,1
arb_324115888_324115990,324115917,TVatqwj9TGEkhDkk4mKsunUkJDCXpQSb25kUdMXNDfYboqao1ZYxv7nifcgf9W8A3UzQ3jfJN1wVnaMZqRmjcHq,USDC,1.9263590000045951,USDC,3,1
arb_324115888_324115990,324115917,A5tiJmJZhyx6RGPCVDGu6r6CDjsjzy6eznxebDgzF74zuSCW5q3H12D8TdUAK8dbH52n9xCMr2Fky23VU8P2pDF,SOL,0.0005498650000069765,SOL,4,1
arb_324115888_324115990,324115917,5hj9kj5jRCPA771A3hidGtnPi8eHBSdGoMFQkmgKvybDE5fvKUY5h8zBKBrGQJEnYbMAEe3BBhxqkDdCZac6MbWd,SOL,2.6097999999395916e-05,SOL,4,1
arb_324115888_324115990,324115917,Ldu6HuBd956RRM9VR23zULfzoAz6rvfiPovbPXrGGZ3TFNDxduv89WPY9RrooXqUdcTjYMjS4Qu2R9twwZazDJ8,SOL,0.0002588009999961831,SOL,4,1
arb_324115888_324115990,324115917,3C1jQGJgL8yyA53xtCzjiyRCGfHoERe6MR2b4xhYUvKvJyxAgyKHSMhuaAQiJApJ25bNMDorfoYybZi9pKuUELhL,SOL,0.00010073100000337594,SOL,2,1
arb_324115888_324115990,324115917,2YAbE9RP2qeyPkvtVjRNZu41i7p4oDxTxnMrP78uPmwUbpuR86w29zcWKPdTmAo24czurspnrybcKX5Mpvo7u2Nd,SOL,0.0007579340000248407,SOL,3,1
arb_324115888_324115990,324115917,5ioYZxu8c8XnZHSWA8CJFJJG36pLYBeyQm6PMptdoLUj1o8dPUjP9BPcdF5BZpXa2bsNqkn1ZgUEcd1P1RrUKXjp,SOL,0.00011950199998612791,SOL,3,1
arb_324115888_324115990,324115917,3ypwytYhCApL4fD137rKyRkVdjK76jHJQkuzvyTUk2sEh2ZgokshvZSDXhT4RJEzQtAbqbZy2cuyVP1zZ5mcZGvx,USDC,0.2779449999798089,USDC,2,1
arb_324115888_324115990,324115917,5Xxii5BrcbxdLkevYqyyTnPXSrwTiXLaYkpzVxp2FmL3ZszNAa5mLtudA3ce9i7Nsp5twWPj5C6GGvvvxQDFzjMP,SOL,0.0005007959999330331,SOL,4,1
arb_324115888_324115990,324115917,43SDVpdQTgHauEDmXR7Sfsc5kR1KBLrbiD2suQzDGVMJJKhvYp9yfS2FAGzya7ePQs2DU14o3PyasPRANvmb4B8k,SOL,0.0001553120002333612,SOL,2,1
arb_324115888_324115990,324115917,4fUqmDGVgQ2Ma5koU1xyts77tSjophhNhheQ9Ja3KVSbQjsioe6Qf3u8QXmc2qCt1NRVCoW7ncWLvwHMZ1uSRy74,SOL,0.0008768709999975146,SOL,3,1
arb_324115888_324115990,324115917,3CH4ev4dKpByxijqMUUte61fotbggpACadeK4q6ebHQLGyN6UryufRjZJcKJvLbFf1BZncQmUVARAUg253D6CmbV,SOL,0.00032340699999393026,SOL,3,1
arb_324115888_324115990,324115917,2nyRYyGn9v4NJgUSBHz2oDY74kPd1Td7GUhCQ1HANog3arBCXBLU6t2RYRwosapK174q1jGBjqs4ngx9MmTLVcQQ,SOL,0.0005460349999840789,SOL,3,1
arb_324115888_324115990,324115917,EVwcrs2VrmpxY4AZpDCkZQkEawAXyDLptXMP6wgThyitRWvRKVEMzPz5tVUP9dr7ouShCkg5SN3z8JKgByEuoan,USDC,0.029288000005180947,USDC,2,1
arb_324115888_324115990,324115917,4aPMixtEspNtKYJH14UBUw1N4fMcxmBfnvMYBUMi6ZFBD8qrG8kThVZsdKTRXDMkmSWDKBkLnYQFxCwR8KSmkaKt,USDC,0.20524199999999837,USDC,3,1
arb_324115888_324115990,324115917,2MvCQ7hpAUXWwGkHss5oFpqbVncNP1zBVkPnBtfAZk9w5d6BBcWRAZAQbaNgNjqifs1MmgYjgYM1XTnca3cDZ2rg,SOL,0.00032134599999141845,SOL,3,1
arb_324115888_324115990,324115917,5QhbqUUq2DYNHSMy9kibeyZzhFZEye17NwtqPUX7uHSk9r5fiQw9KjEW4N4XYGPpX7T2PhyijG1JZFeFZ8X7bK2G,SOL,0.0006208060000002938,SOL,2,1
arb_324115888_324115990,324115917,24e5wkKbJve6rT9qNE9mthVySXcqe8Zc2fo3JTwUPdKrmbsT8wFxnJUfZuV7ToKHuZyPZ5nEEUb4DbAaNgCKxg8Q,SOL,0.000508881000010273,SOL,3,1
arb_324115888_324115990,324115917,fGCKz3tuQS8DCQf8zkfCkRoJjXbkLXX8Wsw9Dgy6mYkEuakpt8vQJsdH3K8psWwFK5zBUP9n8PkbvQZwba8r3CD,USDC,0.028279000005568378,USDC,2,1
arb_324115888_324115990,324115917,4XE1E7rjFrt1ykU3XQgGFGi1ojLZQSqQKy4GmfXTKCcP7CRe9f9WBJHDhovpcQzk4qW2HX2dXW3XX2BVtYTUhoK5,USDC,0.06965999999738415,USDC,3,1
arb_324115888_324115990,324115917,3A9AWCqNE7cTBYg37aDisBgzfYdrhafm4bJA9ZTip9oZMwnkRPF9RGnyRFYbWPy4x8h1wR6wC96RYuKkp9kjSHSv,SOL,0.009434921000006357,SOL,2,1
arb_324115888_324115990,324115917,4Tx77MMK7FScZSMCQw9tCqekrsqgqabinGfsBTnP65FYdAiRbL1qzhnp4DZfsEx4FE1EhcSzeBGPWpHqNiDvNuSp,SOL,0.0004501429999924527,SOL,3,1
arb_324115888_324115990,324115917,4gNhSXTqxBdqXrDheeuoJxChp4g9KQyigJReFxefMiLvJybLbSYpinWXSnG5FsNaRz4g8G4PrnqBQPSPtxT1nxpZ,SOL,0.0007827430000138027,SOL,3,1
arb_324115888_324115990,324115924,mF5t4wrQi9CrpvLXLCPMJATizeXeve2srDBn6QczNVrQbsjX1uL5Zb6Cqez3BRhUGfN5zBKehTLXnwH1pjYqhXj,SOL,0.05630434799999934,SOL,3,1
arb_324115888_324115990,324115924,2PA7gEKnLSAzPQDNuczDzvPauCyTxyjhnhsk3Wo2ugAR5vTrZ4ikCMnznw6gFJoDpPa2gUusZ6SswynSAhJEtTLp,SOL,0.0007089900000520837,SOL,2,1
arb_324115888_324115990,324115924,2oxycP9Fm7NxDqJWSW7PzUkW5fqm32c2gAiKBQZG5uGzVe5CcdD6Ex5wSHzJCxd1kifYMoFUfV4VwrkHjLTnxHiQ,SOL,0.2519459709998508,SOL,2,1
arb_324115888_324115990,324115924,611ffAvYhCTRnAmNTxWbz1Bqw7CLdcF8oiYe5xuduMNPsny5k3Zh1V7oxmFTfZjFhcQ5GM9pcN9cjFABLjUkHyEg,SOL,0.003679197000004534,SOL,3,1
arb_324115888_324115990,324115924,5uG5ihqdSNcRksjJ8PqwV5QS81pZmZKd68qkh39kSKph3K33YkehoTToUG9qxKWbSZQzK4k5fs31LsZKnPcc58Uy,SOL,0.0127593860000165,SOL,2,1
arb_324115888_324115990,324115924,E8VNZ3FnepCLYnecdhJ8iiyaZhCcmmAKrx2AAbG99Y87EcLt21Wf12rRpn8UKA27qDZxNG3Gj9PGoskUknW6J8P,SOL,0.0036351140002412775,SOL,4,1
arb_324115888_324115990,324115924,4iYYTeaWsGZDhmXjqGCQzRm5iambQM4c2e4iNYR8bsGY6vqXY8jbARP1634bms6Ku1sjonGnKAUjoK62TfzzVoLu,SOL,0.00020878000019467434,SOL,2,1
arb_324115888_324115990,324115924,26N4tc2kiKjPK77kiAj4CHcnkSogCSs1uDfFSjYbHPL7awv1tiAucWYKVTJ3ZC7M4DVUtiA2Ptm4pjRsXfWFmLqR,SOL,0.00045446300016017526,SOL,4,1
arb_324115888_324115990,324115924,2ZG9sZkPXx4fZgVoXLhsKaVC26HYRLvEYhoGKL6iw3FQjYofL3nfwQEeHW171hsJqZfk359ihuJKbnMqoV9RdUEg,SOL,0.0008173789999949216,SOL,4,1
arb_324115888_324115990,324115924,5CHNgpzDop2yatpyuPFf1MnVqSxy1PGYbocG5evUPtbgWr3Eqn15JCQFr6yLZWePEhP7N96mGEw3ZGHRGHPijS5x,SOL,0.0009941009999997526,SOL,4,1
arb_324115888_324115990,324115922,4yXXLhVUFZJsyvo8PpYfJYogk3E1rabeLGT1amLQuuKmp9xQPH8oh2qy27gckhgnMURtPwBqVtvLstiQumvTaB8d,SOL,0.0004518199999928554,SOL,3,1
arb_324115888_324115990,324115922,379VN33yucikZke3M3y6miASMB5A5PLDnWFbhCxD6H6nkwk93ZtnsoUmobwk2JzESMWfpxNguvu1SMdZdvyrZ3oC,SOL,0.00043754200000031135,SOL,3,1
arb_324115888_324115990,324115922,3X11FGaHWFHpqH6SkKJ8JyKi7kMuiDdVGBjbyVcRnA4GFEhNgeTu9AitoezHohTYfvcj13MgjtP36pKuw8zNLJgX,SOL,0.01174491999999631,SOL,2,1
arb_324115888_324115990,324115922,2oXZjAQ6sVnrmAxdRHN5irmhiVeox98G7domA28r5cPL3NujgYuofVz21EazWCRRnEQwrPQzpL38YscYWuahUvCw,SOL,0.0003945050000256296,SOL,3,1
arb_324115888_324115990,324115922,4YLth87596vCpKw9yWYp4kSCWtYUFohXuzmque2ygEjcHzSRrqz4iVDR59xMNZErjzTbCqP65Qb1auGhs6oge9WT,SOL,0.0006456760000002593,SOL,2,1
arb_324115888_324115990,324115922,5ftuh8A6MWVTMkkCBjrW9A7hUkTEhTszWe8vTZdomB5cxnTW4s7q8R5BnpoGCpnh3AYMQSmamYs2PqHWLpaNaSd1,SOL,0.004875914000003245,SOL,2,1
arb_324115888_324115990,324115922,uX7oFbEp3dzL4NoSYBKAws4qyLR9pZ2Eb91KTXMu433K1y5dkTVo9rRMuMVXbQxGgiCPMxW6CVStVK2JLWXdHDv,SOL,0.001097227000002743,SOL,2,1
arb_324115888_324115990,324115922,4vbM8NgahtndGm8jUTGbskUEQQsNKoLNZUn1Fy7phUTp7U598oYg1PR2QYcqjB7QHqtXhLnpU1dNZK2JWVU56hcR,SOL,0.00038220599998281806,SOL,3,1
arb_324115888_324115990,324115922,5Wj3rQT4nkp6ssM8nvi6Zgh3WXxKoK6GyQ24iTCB9QfuZpAqDjoPGFPJ7CRbdmP1oQcymdeqK2KWCnZHa5S3Bq7X,SOL,0.0003643780000006536,SOL,3,1
arb_324115888_324115990,324115922,5rvNQLkGswC5PrBH9mNevRCTntA4jo7xYM9WPZbiArF5azaB8aAMXGb9CS2VFcCWCkEF48UxBdk2zi6T75CT9uJU,SOL,4.619999998431394e-05,SOL,4,1
arb_324115888_324115990,324115922,5waZMgqKj45b5RTyWYN1vNaz7bWdGQT2mmA51HBzp5QKB2rYp3Enz8VoNTpkCaAfW3NB54RyXg5qudSszs79mrm9,SOL,0.0003544790000071112,SOL,3,1
arb_324115888_324115990,324115922,oq397WQTuXKbyMWKrnrHixUVeCC4ctE5BnWLDqYesu5ZQ13JFihyCdECZkJFfnMvRi4Rj1HvSsDK8799Pz747rR,SOL,0.00019175799999810415,SOL,3,1
arb_324115888_324115990,324115922,43TvoMXe4DbidGgX6KE7ftsvtMDamEzVpA7WfstxHpZyocvV72NQn6JRPLKYqx93GZAy6U5fKPckQmyQhzNN9jPs,SOL,0.0004370119999942402,SOL,3,1
arb_324115888_324115990,324115922,4sgV8FGmQkiJyvwj9tmiNoQgxCRjMSL7Tkdk9wUMN44QHyddRzRVv9eyHTUYmGEsQyG5BzkUHspXYpsXS7XgLE1D,SOL,7.665000000131559e-05,SOL,3,1
arb_324115888_324115990,324115922,4F6gzp64enkpDZNmqpd3XWFiw8zNnGQg9nXcE8KexELMPHWhu21Lfhht1pEJ7moixfmodTsLbbpeuFBhsdBshfPQ,SOL,0.02065927999999711,SOL,3,1
arb_324115888_324115990,324115926,QCb5Az5p6dqJ3Vi52MMBcm8dd4ee4yAL8arxBkRPrF67vdTE6Rb64VmM5ZeN9zNJBJUUFLSQSt8JrNQiE94SC8H,SOL,0.0059210029999421975,SOL,4,1
arb_324115888_324115990,324115926,4vcszJggtBpHiwVm7ioi4CSRm8TNWSWQnTXsGwDe8xUHhNyCxprn5d2ztMGemPE8Fp4rExanmUChywCjuj3QbR1a,SOL,0.011411382999742491,SOL,3,2
arb_324115888_324115990,324115926,4BnZsoAYKcYXConMW8pJGNfyVnNwR5Mvk3SWKCmo8xwnTXsKjR3FpMwSzcQ1VCrqLkEK9AqKKGtWKVSYX7JMzZAp,USDC,38.263802000001306,USDC,2,1
arb_324115888_324115990,324115926,hadktRZ7DKGw3m52718cHgSSF2ymVp6S2inXxCVsVoU89d88VnM1NiN4vbxZVQ2cgZ6p2NWzZya1CL6kgtTxikh,SOL,0.006230630999728892,SOL,2,1
arb_324115888_324115990,324115926,4eHqiNrpRC13yBPzUctRGcfLURKtTh4beKHw977UsooH29EFKJTjhzRxXBUAR8y3wMi1rKR2hMnJdTwnWetJUBy7,SOL,0.0012891560000033312,SOL,2,1
arb_324115888_324115990,324115926,7awbXrhkZQSQNTFaGUvq6KuGeSfKw2jy2LwVFEEfxAPnHnToVT2dh5m9Av2DFa2bsXobtXU81ptM8Gn1o3K5twU,SOL,0.00032208300000263437,SOL,2,1
arb_324115888_324115990,324115926,2A3jAtasSL1s3Bc86HfsjnXF73pok2gnv7SP37WNwzJE5FSio59nWBrGd8xZw3HCxYyJi3Jkos1UAQ3TzvvNEimQ,SOL,0.0005060880000325637,SOL,2,1
arb_324115888_324115990,324115926,2Ksqmqq5NGnY7e7jQRQnFYQm5HGaLmMVGyLdYV9pHisn7oVvV84zaJpFq8w7aGAoni8g1PPe97yUmmz3DzBtm9wR,SOL,3.846499996101578e-05,SOL,2,1
arb_324115888_324115990,324115926,4KBeRmc6siarorEtsqZiaLRdy8h1vxg24dMbAHEDD62ixyxk5356CZP5HCWHywdXYXmVch2o8X8ixr8FZbqxhfRE,SOL,0.000900598999994906,SOL,2,1
arb_324115888_324115990,324115926,51pMHr2MFKKWTaBiwUHAySakyHkfN3oQtwZnq2d9N7hWj9PciMhHFKieaPyVopjBCuECGfpuUFeXFWBi9dvLz6cg,SOL,0.0008324649999978671,SOL,2,1
arb_324115888_324115990,324115926,tLdEUZBtEs5yNbRPG1oBBu4vPQ1RaFUWxfJjF5SPokYTwzdxpK1FnJ6rMtTb6TzjV3YDZhkDZGRM8sEBsm4WQ1K,SOL,0.0027071600000101153,SOL,2,1
arb_324115888_324115990,324115926,54EUtLYR154ZegJq33VoTdwZVY4cLtgEV5Hd3eJyN6XyXXuhDzGPUi2c7qtH3RcEngwanFXh48RyqqCAqa9d481K,SOL,2.292799999794169e-05,SOL,2,1
arb_324115888_324115990,324115926,4eEGCxBeHwsbv6ENDB3TaDCJhLcFfETPQod7BxjHiJSaA1uNyB83edfyV4iWBLh52KYoic4HSAvhBPVzk6o5AFuY,SOL,0.0011879730000158377,SOL,5,1
arb_324115888_324115990,324115926,3Zp4FGww1u5AmY319BY3GsMco2ab8fTvfTqKxD4U5axVgt23r87FG3v8syWxdsiqmRJKAnW1FehoMTcdwM9qhykn,SOL,0.000184772000087396,SOL,2,1
arb_324115888_324115990,324115926,2xQUKa2UU62yamMxwMvopYYasnS2KnfNRM86ouo8NwM8oPCVeFfUv2xHibPiL7SyvdYPBmrUQm8nXz7wYK7mxirQ,SOL,0.00031556700000038695,SOL,4,1
arb_324115888_324115990,324115926,3TKi5CorunVL3XkxeUaBggDsMBZk4N1M6sbCwrpHgq828XZ1jjbYh5FmpRAndNgJ6tfaGUW7EMBJCN7NBd4NJyry,SOL,0.004245094000000334,SOL,2,1
arb_324115888_324115990,324115926,3syhptLkx9EZShRrTGStEbSHJJKupKz8Y2oykYHLr5qLY65CnVSYLhGnHW16ywgJuwGEvpL7rtM5B2NcTPqSiFGw,SOL,0.0013996790000003092,SOL,4,1
arb_324115888_324115990,324115926,5kZoawjgT2Ded3x9caJYTRejxCWtyZeGej4b7P8qxq9doc1dtnpMQJUH2bBVqhQhscS7zsZ4HNW6Ser4U5DBLggW,SOL,0.035482210999892703,SOL,2,1
arb_324115888_324115990,324115926,3kuknUatrMYaHmpHJJJoRCRtmWsDdRrS4kU13TLq5i1qC2HZmEaXEBWgoK391HRMbkB7Cd7QV72mrjiVfLS3eNN5,SOL,0.015543627000155057,SOL,2,1
arb_324115888_324115990,324115928,4DWLD34uewrmY1xK21ahmRoKjCrhb1BDtttBey2iwEJKJQ1v76nXwJXVh13tndAgiVfnaGVAaXjw2XYdMiyg3VPc,SOL,0.09769340700011363,SOL,3,1
arb_324115888_324115990,324115928,htvDX8CCCv61tXLh4kqGyfHcxdwcQjAeMgL7UwpX9ou2QnhTxaMq3iFZvCiJWQJ3ZpuWNTK33KvjYkyDeUA8dhc,SOL,0.0191784229998644,SOL,3,1
arb_324115888_324115990,324115928,4z9yhTZcipUaUU5N5PfZ4DxpLevrDVWLeh8Bdwa6Q7gYoa2sEX3VkaU8rQ47V72u6j5THpHhdmNE1WVnVdS8qzsR,SOL,0.0028004730000088483,SOL,2,1
arb_324115888_324115990,324115928,4yBGv5ftNmMZN1ggWGv5JB7X3xXmMxjqrbzUCP2iZp3FgwG557eE5apPpg8jhtQ7JYCm2D3Wm9WBK9J92LZWPTuP,SOL,0.07662260300010325,SOL,2,1
arb_324115888_324115990,324115928,2HGoR5N2fp76fJJnsWCmkccQYCtiUYu2LVnoVFbGafaCgyeAWHHbudQZ7U9TTYxFhLYvdkBNVjGX57zD5RT9u3q2,SOL,0.04658112499998944,SOL,2,1
arb_324115888_324115990,324115928,qpvCkTH5g491foriVUojjxgbRN7ymffX9avJAWMhETo7eHuKwfV9MRXaUtQ3TVWmHjSvUVrmVx5bFVLqJJzQfp2,SOL,0.011135292999865548,SOL,3,1
arb_324115888_324115990,324115928,3VbFjWXcLdJNqtVbwDeZsPGRBLSDSmFuMneqwvXWCiTRjfFwsryNz99cbYY7yJQ5cdsgDw5p12XRRBgKr6UpakUh,USDC,0.004531000042334199,USDC,3,1
arb_324115888_324115990,324115928,CzcNsBh8tnabZq2dPiJ2CRb9k5jmRsb8rctnJr3hgSM5uLmXojiPPVWfEAPsfv43PDeZU9taSoUp1brMhdxdWQf,SOL,0.0029270060000888163,SOL,5,1
arb_324115888_324115990,324115928,5LVt9owG653bx96zD8P453k4GTUS7GMRrRWY3HqzeFetxSpqLxVLkS62eawtDbztdowYqjmqgP4EV6e9k6v9fDqh,SOL,0.001169114000028417,SOL,4,1
arb_324115888_324115990,324115928,2XJLcdhFUnt3kEhByRbo2GxAFeTojuPFxrypvNUNZNfTWkSfy21c528Lwembr1X2JXXhE844QpaCh3QtdRNHrWKN,SOL,0.07970004799970531,SOL,6,1
arb_324115888_324115990,324115928,4qhHVmbnLm6CqZknhDJ1fiMFbbm9whkywdCPdQoBJyYvPYvUuTLXBp1xQKUE5RQMkBLDGYB4AKXorTxPWVwQFxBa,SOL,0.0008702310000198029,SOL,2,1
arb_324115888_324115990,324115928,3JFJeYiB8vrh2TJtpePJ8FEZQmHUFHYaWrbGK7jBMff3xQe8mMAFTPwwrL4cPbm96NjhZteEKDhLy5ufVQvJ2MYP,SOL,0.0007259670000154762,SOL,3,1
arb_324115888_324115990,324115928,37MnjzXdAdoGdoBmMyeA6HCqGQqCppzuHMWqNfr3FxWENP3a6kbKCGfk2g8fuYWMwFV8qCVpLFjDcPK5YW7ZiHSx,SOL,0.00035408700001627957,SOL,5,1
arb_324115888_324115990,324115928,yNSXDAL8ZtuGo17ZvwmzSTKBej4So2uaKJv4PFLgEKiGvGoooFW8vv4oc6rNVojvbpPJhwC1VH9hrdQkMb2gMi8,SOL,0.0010199320000003973,SOL,3,1
arb_324115888_324115990,324115928,58FuiVQfXELT1wYgUtDs3YZDopsbUYeR9VmEkmWaqv13rg8RnWaLb3Qwgt9n6CYkU6ToyEB5UJFguosSdSTNPeof,SOL,0.0001716270000000017,SOL,3,1
arb_324115888_324115990,324115928,3zB7U3iZjwrLiMkuS1366U64WJi65EHmJbzNfGvFYBraHz4sYXuNzKC79H8diQCW56YFh1Pz7TxbUo5AjYaHVLf4,USDC,49.82972399999926,USDC,3,1
arb_324115888_324115990,324115928,yUSNzFsVM9Q7CEWs6A3r13QQdr78uEnV7J4kbi9hoofvoHAZSr4U75d9y8gQs7UAs7WdXrv8geMsKenTGZ3Ppcp,USDC,17.850781999997707,USDC,2,1
arb_324115888_324115990,324115930,4HgabRTSpQHYnv1VbmJ3hEuBwtiSu148zsH5oaZG7W2Xkfy1LcidzDQjgAz1P9qxMHhvUAsLtaaBpFB6SscpGgZa,SOL,0.0012277490000017063,SOL,2,1
arb_324115888_324115990,324115930,4ogVibdqhEqQxnCxKZDF7joA8wndcW83yDdMz4XZvy8vuH9CfuTQtjzfcFyAZjz31WNF5Fp4HbNdbTFwFfoVWpkZ,SOL,0.00010116000000087068,SOL,2,1
arb_324115888_324115990,324115930,4JbFd1NTJ2PbFMjWCnRn24EocGebwuzVV26cwwcX6tHmM7aTarQtwvPCrw4qPMkAK6JRYwajQLeyMApQDmGDauBe,SOL,0.16763989200001475,SOL,3,1
arb_324115888_324115990,324115930,2X2Sp4ACxjv5ZvYqd9FecdRhhNjaAkoYi2svRbEhvZXwLhLvGVZSa1HAjBXM7iLVNiBzWdQkjvBgxgjamLsnH2jM,SOL,0.022862218000002422,SOL,2,1
arb_324115888_324115990,324115930,2DGwwDwCN37VGGSyR6VswnENKY1wM8jiWi7WSwkCb8e9huvt1dBmSUEoLWhBe3Zs3f4PmvuudhrkYhNc5xy9mf3P,SOL,0.0032329060001579217,SOL,2,1
arb_324115888_324115990,324115930,4Czfy8dUDQB8PPX1XpuCGg94u56zz21asXEDQKN1qTfo7psTqqimuvRfgsv585zjHd3b7yQkKfStQYkArTNdS7gG,SOL,0.0038699550001505562,SOL,3,1
arb_324115888_324115990,324115930,3uM3ke4i83SwASEL1fQL6MzHDqbiT1yFMQZmXtGJqvPtcwi3v9nRd9yfcAFK57fffLPg1qEJrWTiomHVDRUGeraD,USDC,3.29915900004562,USDC,4,1
arb_324115888_324115990,324115930,3wRg9h3ERdcP8GCSMpsFboQWyypwpsyKHYWWV2UVpY37C78uTqrF3NtE7NhgBhKQzuUFN8dbvJxL9Rkb41MSLEfM,USDC,0.035014999999930296,USDC,2,1
arb_324115888_324115990,324115930,59h9cncP2MQwmUqB69BQTS2jiD7V7M3Hx1ZaJ3BrqJrJsL2qrd9WtnrcdUz5GKL2uxbuwaPTTPKrw7qY2QaJvcyz,SOL,0.000603701999989524,SOL,4,1
arb_324115888_324115990,324115930,iarEHcxnVoT1A9UBAvAUPWxcWXrSizuzCt4BAih9S816dxWFcUL2D3YBdBf4gZcEPFfrsbcqmDVQnqh7n66WB2o,SOL,0.0002576199999028058,SOL,4,1
arb_324115888_324115990,324115930,5nH3kzcjQ2v83siUhcKsCgmYAQCxQ2CfVjSjhrBmnHVPNu99SbfQAAYFJYXGT3cYW7UwDhr9KKTU5sVnHnc2nCQC,SOL,0.0012221359998956516,SOL,2,1
arb_324115888_324115990,324115930,4i5WiXj2Dc9Yk3usS3KAWeirb8erdVgdtfnMMwF2zsNemeLxPrUjg5RZM4a8a3MAd5kA6QLAajQ1YD7whuBaGu1M,SOL,0.00015345900000835142,SOL,3,1
arb_324115888_324115990,324115930,3NNpAPpYbcfd1ZKNGkPmCwiwCdwKJPhfJTYmik8ZAi8MCze8zGSuwGUcv4BgWU3mvhzLJawysRxwkBtaUtBTyk5y,SOL,0.0007317309999959341,SOL,3,1
arb_324115888_324115990,324115930,3NNpAPpYbcfd1ZKNGkPmCwiwCdwKJPhfJTYmik8ZAi8MCze8zGSuwGUcv4BgWU3mvhzLJawysRxwkBtaUtBTyk5y,USDC,0.0030090000000000394,USDC,3,1
arb_324115888_324115990,324115930,2Ric5yn2swQzDPtwJNTHXRqNZqdZFYe3idoyfmMXA3KkdxwxtdreoyEjQwPyan9pNghNLsJe9ZpucV1HeYuTfbgW,USDC,0.005206000000001154,USDC,3,1
arb_324115888_324115990,324115930,4FxEbceNv4WTPkUeLXzC4UJ8oQLzJzkGwBg4tkStR6sX75HeUk3nZXNwEKJUbtxRgxBqQKMDf4gA852QRmmbWbYC,SOL,0.000731866999984787,SOL,3,1
arb_324115888_324115990,324115930,2NqfH9X7GQSGnckKHaTGwskyGLs5CZL34qNPF4rE1oFjd3WRkFwSC5px6ndbxnNxT43SQKQgoQWGhMZ2Z9ADpByu,SOL,5.4196000018988474e-05,SOL,3,1
arb_324115888_324115990,324115930,4V5XFrPp3aZny1K9S2iKpMkmekCcnTpAK4erga9zF8GgVtPz2vmYPtwhnjrN1h8WHWGGFndBspYBSK8S7e5oZyj2,SOL,0.0007057179999928958,SOL,3,1
arb_324115888_324115990,324115930,5N53FfZqUPU8eoSSVMQfJvoiNyj18ATX1ikmTTggVR61mDJ2UbfHJ6UmBnvGud5JVXES7UrjGe5h7EiiLNdhNek7,SOL,0.03501760199999956,SOL,4,1
arb_324115888_324115990,324115930,324y4V4vPQxhVYdNrYttMTXsQATmv6d7cTvWN1C5gKTWSAhorobTczwhfRN8212TZ1UfVDdGXJDC3x2guecLE2CC,SOL,0.00025644300007995327,SOL,3,1
arb_324115888_324115990,324115930,3mRiRw4kKH2TcADabBcdLM6ouAv9oXQn7drUSXQARWoDSZC2FHQacLDGjYfAycdZLizxzFgrnjgQv5bzw3PMAs5u,USDC,40.499877000002016,USDC,3,1
arb_324115888_324115990,324115930,4hfRcsnAeuXXZoQmvjEeoyqmQ5aRxovgPrvRR1avqkJpN2PeSkhpJYL9sD1wKusCnV5gV3dvE1xwHr4ZcHJZbsM,SOL,0.00013480400009037007,SOL,3,1
arb_324115888_324115990,324115930,662N3kasbfbHqJ5qpyajMFjW4k5ngwxpYU2yx7L2C3Y7vvKV4ifypwZciKzv2LML94Y3KyYCu5sYzo67NAHJFrKN,SOL,3.635199996905429e-05,SOL,2,1
arb_324115888_324115990,324115935,383bnYY1qgvKkEPSXSp2t4Dg545TKFj9ZHL8WkfzDMAjRomF5N1nUtaHsXvpeTTUgFQEHTZrud9az69uVcdfAqUa,SOL,0.00015216699999998475,SOL,4,1
arb_324115888_324115990,324115935,HTsKAkkbYnadU5i2KCkzZd7RuELKEC6XBXSrEbX8Dbi4ERVaYAX7hYuvmugtqGgFDNd4srdVRkqi5PYdMWR2zYr,SOL,0.008697797999999845,SOL,4,1
arb_324115888_324115990,324115935,4b2AKjbGBzmEqDfWZEZkuoA4zPTcQ43EgzJ9U1dsaYfL8WeFTiKPBe9Tr56xdVVaR67311hA5BgetwMszAuHj2ck,USDC,1.7410069999896223,USDC,6,1
arb_324115888_324115990,324115935,VdQ7akExpCmB9FwcNLfodU5TBhwEQGppcEJagY2VCkKYLbASGykUNgVKPa9QgmhBebz23HFzzukR5nfS9HJzFoo,SOL,0.002912629000000292,SOL,3,1
arb_324115888_324115990,324115935,2EHttyJGYeZk7i3McX8vNwR1BNavpDHxRGnTo61zpGQiwc7cZS6ev1MXvM67HKdy3mXSvsYUbPewhmLzgUaHidtT,SOL,0.0026439299999939095,SOL,3,1
arb_324115888_324115990,324115935,4FMQgudXXmAGdmMWJP2q5sPq1tavEZfFnsnqGVExQFShXSfL3TkYVcnXasZdJznVMqZKq97TRKhGd5rPsPbAYP8z,SOL,0.0002653650002580059,SOL,3,1
arb_324115888_324115990,324115935,5dp6CH6qQJYe8BGjX7karogiiLuPFL4zUM9pQwKRz26jo9szf7rgNTHuprtWtGGL6tFoA8ne9gzQJ25d8j5LDyoe,SOL,0.0008794290000151512,SOL,4,1
arb_324115888_324115990,324115935,4T2J6wwmYYYbZnM6YcfNjPxD9sThEvd42tEJXcjprQKLLbgdpmD9W8HxLS5V6AMaBR1a1cHcqvfg5g8CwTgUf1xS,SOL,0.014664265999999001,SOL,2,1
arb_324115888_324115990,324115935,47nMKMMDTVQoEAzyvmYy5Vk1r1R6ynboM8xeqpRNDPKA6n66HSnt8CcqTWRrF3miEjADU9L4xfsD8D5xrcSFySEF,SOL,0.0016348890000038225,SOL,2,1
arb_324115888_324115990,324115935,38oRTSLfTF7onVyX6AY36TMNi6udu7msvcS4ZJqtBsjWFsEorFyUga2rok94gnP1TMTPJGCpAfpPxhorzqv3W5FC,SOL,0.004545072000001169,SOL,2,1
arb_324115888_324115990,324115935,5GapKTPgwoTCtX5aWrj7kDc9koCpwBULqEr2vZTvQbTdfdXsNCHhmeX3PRf2UVrRMT3KJzzb2YZK7pBGnt8XpDa1,SOL,0.0006209749999988774,SOL,2,1
arb_324115888_324115990,324115935,5LsmMRwixtByv9VAxCjW1vwnpKuo8Poc8MqjazdgqpWUBvmcfXjbNmy1hCHQqps4mVumbhJmf2qVtJvuvYbpkQp4,SOL,0.012793325999992172,SOL,3,1
arb_324115888_324115990,324115935,4jHgzX5hQ41f6uBHLWE3oSr1QE5VipT5dzmf4AQRmjtwrbVRDtuhq8d6vGaP3eSetHSPfvd6N9kXGQXTiYmV4e9G,SOL,0.0010587039998763894,SOL,3,1
arb_324115888_324115990,324115935,5Kv1CM6PojLhiXdgcoYCouGVFRvujrWX7S7PYsmkeRnRjn7sxjRBcihbB6EEvsZaYsoxsVmgGJJuRdhJYCYTbk2v,USDC,2.923240999924019,USDC,3,1
arb_324115888_324115990,324115935,4ZxN1g9WKPKht555VLrWazoYtMpecCQa3aHojJpVr5etk6zxTmiyUxkamS1LU7PD2FXYhgV29bwrcUW6Kv96SgmU,SOL,0.0005434119998739698,SOL,2,1
arb_324115888_324115990,324115935,5S6YixMcCevwMXwFTeAfg46ec2TPD4fxtRUqzAG848cQhfw6agrZNdrzGghbQevLxmt22KxaiGxAuVo3QzFfmXJt,SOL,0.0003074479999793263,SOL,2,1
arb_324115888_324115990,324115935,3YfqoXFdK6agVE1ZMcAsXrXb79VnpoyTTm4tg9CwxDLjYSjw5jMdFs7j333Ge33EcSBRex38bsQxyMBhfcHpPAtQ,SOL,0.0002446350000006373,SOL,3,1
arb_324115888_324115990,324115935,4E7A9qfdibfkzHq832h19nAhW1chYNnP3wJGC2ASJHLewWbaUmfjBWhkrvBJbSfwwYpsyDKnvKMqLfTbLEfp7q9H,SOL,0.0001583130000150273,SOL,2,1
arb_324115888_324115990,324115931,p1e4us8qz6FcyHi4CQP4F3y1fZwfuGSeAmpBgzmGgYvhvUXoXUCiLrfVZs8MXnpwJ2MuCdG8r1iYtqaxFNBemwF,USDC,0.026443000002473127,USDC,4,1
arb_324115888_324115990,324115931,4bGdi4VTBRvadWBCwt19KRTTzBBEThdGYw7KUABx5Qqw63RbHjDGtExRD7uo7B5LnB8g9axmCCUyVyqC2Tg5KQZc,SOL,0.001322309999992852,SOL,3,1
arb_324115888_324115990,324115931,26bZk8PgWXR75jiVma9wuQ8QSJVLcPY1NfoJFo7KyAFNDvXRW4frqFvZxKU7xUzPHnnN9EB8ta9ySMCcHMJR6nST,USDC,0.06870500001241453,USDC,3,1
arb_324115888_324115990,324115931,4K4bWWBrpcWnLtvmH4kWwL644PhLwQTy7neGgYiDL5EfxdC5qWXrV31dXUDNYtVYTLHQZoJQKRaZ8BuTcCLZrN2B,USDC,0.21164199999998345,USDC,2,1
arb_324115888_324115990,324115931,5FFj5yaFeJbe7x2tqyhN4KnGnKcWA5ekdNJ8HZStwxXdit7Ezfj8NFUwiUdnxFD8fTgEHZqQ3EibLo9RRfrG9ma8,SOL,6.268400001211607e-05,SOL,2,1
arb_324115888_324115990,324115931,Q7k7T3VjHNSJjtHRUJYcfXqrM16b7WrLHe6JTnHvmq8RajreZtzSeapsqAeoVjnBLEdaK5FqUtQNJ6c9cSBmeJT,USDC,160.57643599999938,USDC,2,1
arb_324115888_324115990,324115931,2v6B7X7e9y3YEaUwgQ89c2sJZuWeZAVAwEg3n28F6p2CEFo4xKzy2ZUdm2B1fgkJqP52YVQqfMDwyGL4LrQfUGn5,USDC,0.06216100000892766,USDC,2,1
arb_324115888_324115990,324115931,663GvtwArF21XCjqkHE8QZnmHL2AwtQGkcZ161X59Wk32SMBXzBUEuBjRYLG3j5psA7Hh6mDWvu5D9hu1jLJegFb,SOL,0.001778100000001543,SOL,3,1
arb_324115888_324115990,324115931,4CCt58HwFgwX2PDubQKJNjvs5UrPuCQGfiFChVHKndmm5WKBPba5bbEoT5VMyJo8hzzqgU8LMzkRqHSuUMsCfpEX,USDC,0.023421000000098502,USDC,3,1
arb_324115888_324115990,324115931,cK3it6JZ9nG8KxJ9pMTqySoNiU7aGyYkMLTTVpua7xLZ3L7zG4UUAeDD6wschTQtcCzX13TAog7MPkKnaa7QtoN,SOL,0.022129516000076545,SOL,2,1
arb_324115888_324115990,324115931,2dYxS5ADxYuC4pBGTVVZLq9DMs7hGGwGT3jm7pC92p6BGj1MibqKKhnwQ55hkMjbutEWeQfn3t7LvbfstAVs3ceE,SOL,0.0006022679999997838,SOL,3,1
arb_324115888_324115990,324115931,5WtovpzyiNtBPkTShCKGVd2qSFRqYHZzQ6d6fmNMauZQqhznMQzvpgtbJ7aWwh8Ze4sCagBA22CCxcH8e6R31oWZ,SOL,1.872399999411535e-05,SOL,2,1
arb_324115888_324115990,324115931,4XCMJC67e4sj6QHNMBwc34yx4ymSsjdPMje2NhsYGbvqP5g2BFGyGi4jQgtKqffgH1S7WBs2Y8wFoasWh4SbM6tZ,SOL,0.0004409619999725324,SOL,3,1
arb_324115888_324115990,324115934,52Zf6jcpZVXfpDhoYWrueVqixJLs6bzgXyVisbMu7iw9beKekh7ZnhhdDSw3cFyASrzKtdo9GeahNB8zWcVrbwdk,SOL,0.026114514000129128,SOL,2,1
arb_324115888_324115990,324115934,5m1GgDTM8FqBSmUdvqbCwVBomNgLqQzCJgfrksZytk764SRNARcju8XbVPLr8wNHqBM6a6QyeqL51JWtucM8gKHQ,SOL,0.0002724140000021258,SOL,5,1
arb_324115888_324115990,324115934,23q4LpQPyTdoR6fQAtaeCej61gFgatnt2Qy19ahw9Y45P3tkXAwzoEGYktkYbi81547oCSe1S9pDxmzXP3UXqvX5,SOL,0.0016346280000181243,SOL,4,1
arb_324115888_324115990,324115934,4cwop2hSDtrccDmQeY25NFEpjwy98T1NQdhwQFmyw8CFJMWQXDe9qiZyYKPFNPBjp7DhKeJas2rVQas8DFpW3bQ8,SOL,0.012974449000075838,SOL,3,1
arb_324115888_324115990,324115934,2vzmheJVjVZxwdwqtC9rQQvvdFQ2587pZeDiEGBh3oRsBuQTjRB1keirkdjab3YXZX1zNiq5QZ21vCZgxFv9V5im,SOL,0.08860852700010786,SOL,3,2
arb_324115888_324115990,324115934,KKpf7S6BYbW6YDsVyBscbvqb7KirdeosNaYDP2WdPz7aXgawxNjtDijAg6X17wfpfB2qdvvyiWZ1MiwZNvwf3PS,SOL,0.01798512899999801,SOL,2,1
arb_324115888_324115990,324115934,4616sN63VDTjNLg3spXbkBYnAnxPcXhU9R3hLTkQQD9kgaZBWGQqjjJdxC1TUSTMR8DqsNo74cvQxsMnKrBWQd1B,SOL,0.022684802999999164,SOL,2,1
arb_324115888_324115990,324115934,hZMBqFdsy2kByNQ8EEmX9W6vTHgsUuqHh2aMiN26Xa9HVVFzaSFegXcsz5EQcVv8bpFQNkuYcCfFBbwJEBvkUrM,SOL,0.0007978610000044157,SOL,2,1
arb_324115888_324115990,324115934,ocPhrHFwAySyhgLMWWb6UBAqhdQ5bTQVq28oa6CcRGrpe2333m5Lu2dTF6zXSBWeTr4EqqtEAazZqqaMyeeiote,SOL,0.0019399919999990218,SOL,2,1
arb_324115888_324115990,324115934,4WuEpvQUBFGNeyKqDWwtSQf43xQGaJ1LyPTnYWBaTrambg1crMmdurswyiVVnUoXD4DyGrNuzzih4tesDHskbRZn,SOL,0.0006844869999958676,SOL,2,1
arb_324115888_324115990,324115934,5KQvxftHmPnMs5NxqDTZUzXCmpAeqbAJ4vfCG5k8VwyooZYQpixvWbtcvXPmuzeM78hwFFukAEeMN58adu7J53Um,SOL,0.035182702000001474,SOL,3,1
arb_324115888_324115990,324115934,2mWdtNCLgEF9r8Y2otvmmi9acv5V6G8yaWjvNDMRF2QrAmtep6bHgp4v8as8FZZMozhi1iuYH9HXSsULipARamZD,SOL,0.0029145540000022536,SOL,2,1
arb_324115888_324115990,324115934,3FpMoGeZf5Vqy5aMLtoPt4cGsBoKffjFZugYvS4ZeJnSLwtNBp1LwqRcUaoMsNXvz96pPgJBpM4r4bvRe7U9FQvy,SOL,0.0013968639999398548,SOL,3,1
arb_324115888_324115990,324115934,2kxwBa5HM3NPawGAjhWBdvCYcw223QT17C1w56QF44woGSbfGSmAkWRfmDdyoVGE5gM3iE296rTeE89urdSrHvDn,USDC,0.4486779999999726,USDC,5,1
arb_324115888_324115990,324115934,3wHrZpAYizFuQJiqrB5D2DGpeTctmZ2qVWhHaqD815e9K8BTQL6LYuN5LJJUfVRdaxztt1i9EYQKRgUdcGJc2i9x,USDC,0.0031480000000101427,USDC,2,1
arb_324115888_324115990,324115937,2wnriWknpjtvkbWwxeXLRhznH9ygwvd2Y9MUfer4ZSf61AxSuxrd1GwY5tGxG1HofYQRKYs5sE4UQeF9Au1Bbcjh,USDC,1.486827999993693,USDC,3,1
arb_324115888_324115990,324115937,2ceetdxUQw5DUCnxmG3B14q4RPh9ACtRBcEMFYYHyDCQW82BKBCgsYBkKmKCEq569UjrLHVY3mt9MhgK9fSSauNW,USDC,0.011735000000044238,USDC,2,1
arb_324115888_324115990,324115937,4gLRM4Xqktqm2eCywB4GXdRaLDcnHDMcuLsHUmznCxN7DyCFPZX7jAqNZEKwJ9od5h6EzjQoaC415x9jwiy4r33o,SOL,0.0004066699999967635,SOL,2,1
arb_324115888_324115990,324115937,BPHwmszf2oRKyevFVV2bJVbuq9csQJsbR1oiNYkgFNNvuNhoiDhPfZ8YaEQ8cFYxHStuognyCxNfgCMaCkmbQt7,USDC,0.012506000000030326,USDC,2,1
arb_324115888_324115990,324115937,YwXVyXAdqh2V7SbkWN5CtdSKjSGyPTsdCJoCG41kHDjMEv8ogvv22tKydZmCkBfcELBtwN93zPT8ULMUnhw26zh,SOL,0.003982488999995501,SOL,3,1
arb_324115888_324115990,324115937,nxhAti1JCDKE84KEtW6eDPVqFyNC2ex5S8JCiM4zB83AhBByqA7jKxMi5ce3NsHkBo2FELw1pNGxb4A8YdxW319,USDC,0.12629699999524746,USDC,2,1
arb_324115888_324115990,324115937,4YwhQEup4HfTY2qpYRSj4bw6uoh4T7WZet7GEtjEQETy2GnszCWyRVmccfSJcoP7xJVFWiGRdepjM7HyczAaMBK3,SOL,0.0016835210000039074,SOL,3,1
arb_324115888_324115990,324115937,418bX114A3Gm9pNvuvzW8XWi2G5RhGGcFwQF2oo94gxbtouCVgL8uyEFVR3DXyHGBK8KwcmkNHB55FPHtGCPMQKY,SOL,0.005243570999999465,SOL,2,1
arb_324115888_324115990,324115937,vJkadeBQYbNAsbt7L3NqPMvi6JGmFj1pRhthxbEkR4iRqMoKG7cP89TmXeyi6bmEZEKKpPNbjN82zLF92itCKCz,USDT,0.22531100000014703,USDT,2,1
arb_324115888_324115990,324115932,3AQEMKXvzg32oDH1RUNasGRpKP3FshPh7t9YvraP8V566mtNomASypJW9NHWUYiizKDVJbk8rGTBScrTLhg3eE7M,USDC,0.030457000000751577,USDC,4,1
arb_324115888_324115990,324115932,38NoNgZDfkepBbFLBRW1vvJS3XVDEw2aWR6EfxUcH9vGHjLavvjQzEiYHZsSUPKVRv2xA3SHY7VVyARrDckMuxrk,SOL,0.003412304000017463,SOL,3,1
arb_324115888_324115990,324115932,Rp5zTmNt6WUDKAHsRNMkbi6LZQtkE7yKYURUXJDwSy3VKxcJ3EmYhU2eC1jRvpauMi3C9b9iTWZagx4XupkQBm2,SOL,0.000799154000001192,SOL,4,1
arb_324115888_324115990,324115932,4UhCkGX8j3YiWMeyUnZJKdDjDnikKKxase2jEfAc4T7BMW5Ccp7bV98WFxJ4uo3qxiEX3dtd2f7dThdjSDuqRsKh,USDC,0.2175240000001395,USDC,2,1
arb_324115888_324115990,324115932,4ZgGRDgRngT5dAyoimjQnwczafkJFSwX5X4j3g5zK79zJHWQ3ZuNsp9QZWaon5dh4Vhw5BbXp6fo5wmLRyYqT9GG,USDC,3.8137040000001434,USDC,2,1
arb_324115888_324115990,324115932,XV7rBMJihhWYSiU2G8UkZrZqLhCwXuY2WQhQQ7taSTmkbuq9HZhcZ24yvzBqe9agEZuJVC2rgZK3jMDgVbg8nZe,SOL,0.0006128240000007649,SOL,3,1
arb_324115888_324115990,324115932,51jYiUNkRWDETTH6VqhUvnvZg1orRJnkZfTiTGkuEZFdNMUPnVzyRQqJ65BaarqsSMRV3XHzzyvsHVK7rMPoJcnV,SOL,0.0006789989999775996,SOL,2,1
arb_324115888_324115990,324115932,5wP8LPgvFrncjKyjSJi33iDMfWLJoAn964HPbJKHMDCoBraZSMUr17BQ4LcRWaNXESfcjbLe6odZjNd7o41g2hch,USDC,0.2430339999998523,USDC,3,1
arb_324115888_324115990,324115936,4YSU7DQdPUFMaxE6MbJCkjk83PNKy7r7gAvA9YRfwhpZ1Cjgnpi6j6YQCcbmw58Lj25XyUYvKnjBbYrTKQ5VUY2t,USDC,19.489575999999943,USDC,2,1
arb_324115888_324115990,324115936,4sx39immM3ZpYTsvsWyPprwANc6thNZn2axSujwyRpDLV6mJDUs8D7uXrNMcEjUGoq6MeLbT37wf9cpZgDvLPzNA,USDC,0.593061999999918,USDC,2,1
arb_324115888_324115990,324115936,4yrc2yzTC59iSTzoCAoobtbxsFSRDVv4PC92WSrxgXDryFVxU153ksjVjsKS9hiPvE7CwLMco6QHoKfMQW8g6ShP,SOL,0.0005785319999970029,SOL,3,1
arb_324115888_324115990,324115936,3BTES6HEvo31dbKXkUezHgdeX4zcZJ8RpaRADujTpzbsqbJSAirPcDULAt79VeyH5eNQT6bjdtnLpsZe7YQfrfLz,USDC,0.07953399999996691,USDC,2,1
arb_324115888_324115990,324115936,3W3qbJSGcfDqrCYqRkhquitM74kcQSkVfW3CC8yutCwVYfXjRU51UBfXBSwTZu8o5MH8BAY2NcoAbnthMJ8kQE2E,SOL,0.00017954299999781766,SOL,2,1
arb_324115888_324115990,324115936,3X21Hno5RH2ZTmttb7PL4uMtb9ntjJKqx63PPgV1JMLdBsui2vZPsmyNhMNxVHHLRnDqrPyMZyridCQXXHUuXHXf,SOL,0.0009889910000854766,SOL,3,1
arb_324115888_324115990,324115936,5p8hSLx2o8iZmoduffFWbLm2SbPivTzAe2n7irTjYd6SUz5F1AKBN4MJNCbxsjix3VLZMoRmC2TYyoguvSv1DmYB,USDC,0.1719190000000026,USDC,2,1
arb_324115888_324115990,324115936,3XuUm1icpHz7RVVJyLj1pjiPJWox7eJPooMKY9A9baryNWSm7mpJjxdqGw3uwCimDUoZKumE4Kkeg2TB7cuhWZAw,SOL,0.010746554999987591,SOL,3,1
arb_324115888_324115990,324115936,f7g2ys73w6ihfLcroeAuzLM3nYow71ZDKgNcfBkUUj2aXKYZm6xNDHjeiwvpFgBGhcKn6VuTDrFjLMwp5CAYajV,SOL,0.006869296000013751,SOL,3,1
arb_324115888_324115990,324115936,3CSpk2RoWeh6KfgytENKW8aGqUsapQyNT3EwVJJkAD7bX7XFHLJTTLkLTHEEDGdLSiKDfwg56QnTydVuUdN45vd2,SOL,0.013474181000001372,SOL,2,1
arb_324115888_324115990,324115936,t8h6Q2yKsbQSwuPikaf32BiT5eTzKwyuLG8njACggrjGLhkRSZjrWacp2k123VstxSBj3QemfXsLXhZNMCSDm5d,USDC,0.08406700000068668,USDC,2,1
arb_324115888_324115990,324115936,hRaXcp6Tav2vZd1spkQGujSzgD2gdusm1cwENqRgUreL1h8fN2sE2jswCGFPr8LmMSWpRKBrVAe8X5BAygm26Ra,SOL,0.008749003999972237,SOL,3,1
arb_324115888_324115990,324115936,59JCQyn66jBMa1RA9HWkU6zVnWb9TeTHNk5kNeRkmPsVuahkn1msy4fBx21a76zaY8afqrn441unsJBymhejC17x,SOL,0.0017388369999745078,SOL,2,1
arb_324115888_324115990,324115936,5bXvA56xibTY8UhXP6zifYYCNYRT8GxvS2iZPfUzegW7m3BxmWxP8WHrWBE1TaZQcu1UNBQfhcZLjG1JkJec4ipM,SOL,0.006286168999827632,SOL,3,1
arb_324115888_324115990,324115936,5zhWce46Nt9imPFLq9VRi6EGQPr5spLxa1TXt2nL3o9JMnvynpTfDWCJ22BDBdz96GCVtvjtY8Yx7f5oKfh9NB2P,SOL,0.00842913400043277,SOL,4,1
arb_324115888_324115990,324115936,4tKzX1wDDvh1ytWmHpkimMrW4SWAmCLEVYG5VRbNZzNusapWmPFGRAYPJS6PPVQs36jzkUtoJBc6sRXs34K6wCSQ,SOL,0.0003315400000172275,SOL,5,1
arb_324115888_324115990,324115936,FzxijcDgD18W3BZTNemTjMhRWS2k6DJ79BRUaWv4s62iLfUwQsK9m9a9JkBqapF3ShMPW5yYzJkMgzNGtJ6oUg9,USDC,3.1891489999979967,USDC,2,1
arb_324115888_324115990,324115936,2463jTzyShBF5Wqs1UAS7CYhCvWpsdj2pe9nC6Ds55hfdRsZLh179LTX29t5JpWmzBjnaExPoMsRPPAePvwfNT8i,SOL,0.0003865590000077073,SOL,2,1
arb_324115888_324115990,324115936,GUhiyzwqWpinuv5AMrot6XvY3abpJcqpK9jUzWLDK1BDYNQFJCzu5PHhzXQzUvqAH6hbBagnLPYDW8QY3DQ29yZ,USDC,1.9359110000077635,USDC,4,1
arb_324115888_324115990,324115936,1w4Q3XhRQgRL93hY4Vkjn5Bd5JfCfRvqpKfha5kf2ruacAj5pjrnnELdhjmjcNZCEykXpRZbUu3q7cR85FrSKw6,USDC,0.033965999999054475,USDC,5,1
arb_324115888_324115990,324115936,1w4Q3XhRQgRL93hY4Vkjn5Bd5JfCfRvqpKfha5kf2ruacAj5pjrnnELdhjmjcNZCEykXpRZbUu3q7cR85FrSKw6,USDT,0.00032699999997021223,USDT,5,1
arb_324115888_324115990,324115939,59bnaD4EbywUZbaeyraQYUViUrvVsrVUgLmJ6qUPPBCURJ1XERhCXsSfzXDxmZFQy4juxhorVHJaA9GNmUA2LeZs,SOL,0.01931414499968325,SOL,2,1
arb_324115888_324115990,324115939,2BCdp1YNSAtGUHQ9YN7uwPJ8eKZPTFJTDuvjvQx7pUja9DxGzdq9vtbDwk4UGbLQTBBz91MN3qMDJqsQbHTYRgCQ,SOL,0.002093906000002534,SOL,2,1
arb_324115888_324115990,324115939,35t2LQvHPHSWvk5Fpv7tEue2JC3D1gNMsQUv4S9q53ieZZHCoTmWPbbAbqbyvaRC1aS6QNEBGoacj5nrxNKxQWbv,SOL,0.00027789800000383087,SOL,2,1
arb_324115888_324115990,324115939,31U43da3F7sBMVUAhoPEWnVUbeAU6F34HFuNRDAHCcieMSKeP2a3WxNYchgfwbhPzTTwrDjNnvYCJxnGXb7z3433,SOL,0.0005948600000001397,SOL,2,1
arb_324115888_324115990,324115939,4m2zQTfpNcH2RRYNFF84Xp2kVVzGAFL4U2cphvi7KB9YsEQ8BNxNqSz9j2zwe6vmvqq3NCSSAZ11s3JRE6TwCNEB,USDC,0.11724200000003293,USDC,2,1
arb_324115888_324115990,324115939,5cfCzFmVrY9DF71hbTgR6NnQg7K63438guNtALA2fDHyozQZLK7kY6vuhcxbDtcNE33Pauff6k1T7UGrw1mQJhXB,SOL,0.0035208939998864538,SOL,2,1
arb_324115888_324115990,324115939,4S1mHg12nFhgZU3TGcvkT8e2KA6F1bVQ78b3KqpGkoAJXnx5jLheiUMrhHNfpMten1g7bBdPCNeKgNbePDDuYqHA,USDC,0.0009310000000368746,USDC,3,1
arb_324115888_324115990,324115939,5WQWiUL64wQ1aBPUmpdE4UrjUtxu3KUAAvZ9A9fjZ3VNooUboNQC4JPdMnQAmYrGoVfARx58fMSfwiG7JjqqTXkA,USDC,0.5603119999868795,USDC,3,1
arb_324115888_324115990,324115939,vG2KbVLYd1cSsE9PezSjjwyH32gJBvdYStndfnViv3KVpBTBJdBQyYZb7eWVkcUf3EdgFV7D9B4abrTd4jVect7,SOL,5.1873000014233755e-05,SOL,4,1
arb_324115888_324115990,324115939,5oWWmp32JaBwvfsCz2sCq6LMwHU3GD739cBLwuKf3Y89bHox9sUVB9rfZV6mFL82EQ6cCRJTD2dNTpxRs8mXNPVn,SOL,0.0005913329997431625,SOL,3,1
arb_324115888_324115990,324115939,xfiwguMXSvoYfyWiv7KCWSNg7uyhgDqVKBwTZeEoQBiier3WJgPqWwcHHGavee1aVbPUy9Y7vt7uL1hPCVuNfXP,USDC,0.006170000000011555,USDC,3,1
arb_324115888_324115990,324115939,ad9PdNGRBpN613VvGwnrExWNoa78cUVd3wwpJKyTxjzsZGfnfybGUYZNFBNyiajNAbghpxN9PDNESj1NgKheJbc,SOL,0.0011065620000120216,SOL,3,1
arb_324115888_324115990,324115939,YwS7tDD7DTLPnqsuqwj55NquU36J6dv52SBWHB4Sr2PuSCEKUP4GF5Jput1sJfLDsoCfNqZuEAVdXgk4bh3wAvn,USDC,0.034744999999020365,USDC,3,1
arb_324115888_324115990,324115939,ZDAMhgihQQkTHqLaXnakoTwTHEvtKxFkPjEd2pMnrcu8ur6HTzaxSNUYk3xash5oEb7WN3tLKofQ7oBsPEdo1Dz,SOL,0.0011029680000027287,SOL,3,1
arb_324115888_324115990,324115939,3dgGYXTYtryrDAzx2uzpatCusPFgHJdYgRS4WgNBZXs9S4F3UT2Q7nfev4E1e61JS36bZk2xBxvXZdASj2oJgdy,SOL,0.0009627380000051472,SOL,3,1
arb_324115888_324115990,324115943,Wxh5PsEhK56S5zNbyGcrBF4Y7iSSDSfHV8VvyNUW4YGRriUKiMQzp2MEJZaQQQMpmiJypqU9NrPQAxALJMAKjLr,SOL,0.0006581079999997172,SOL,2,1
arb_324115888_324115990,324115943,4K583hRk1vsbTqaTj6HYwaFGxzaAvHRmCCbAMWHQxp3gAUuxU9Pb42zqfgbxAwfiJhn4RPcrRY2vJGKBidMRFUaD,USDC,0.12084699999832083,USDC,4,1
arb_324115888_324115990,324115943,2eLaFsrMo7U4qV1TrsV6aF9UHBYzZZmGcBgn9eTGxJWXzYBCihYe7snZxJyEMScQrgBGLbmoASzcUSh4ZcDYAG6x,USDC,0.049915999989025295,USDC,2,1
arb_324115888_324115990,324115943,4Mdg6pdtZWETbFQY8oBhYoh9Mf54L2ZPpVhB8amJYnYDhRs4fKHfQoZjpsxuh26Pho35rEMgBHNSTCnYEqYoSixb,USDC,0.0474859999999353,USDC,3,1
arb_324115888_324115990,324115943,5VKBCsNGFmzbSjwKfbHAH41cwahLuJmEBPuZ4b61sS8q48iAxA5GWC3AA6TDgWJxhfzc7DHoq4y2x4uu45ysgLxp,SOL,0.0005456529999989939,SOL,4,1
arb_324115888_324115990,324115943,3C6tvy7xCuBhL1ZJGn1RK5Fc6Coa2atwxwRVGuL2kwEVR1mbY7QsPbX65LHtKMC7JJxYFJL4FYJGNgLjMzaMLQtY,USDC,0.23287499999992178,USDC,4,1
arb_324115888_324115990,324115943,3zK2SkVxHP9kTEFGU1qnBxkmoUEnh9WdET2SQAUP2y1R1Qua2ZXnUqb2GemUAHatyiMPCQLtZeasmhMo5qUiVxoB,USDC,0.014183000006596558,USDC,2,1
arb_324115888_324115990,324115943,56UjZzYPvyCjeDkFhPx4EBm77tbFUsEX5fV3SreR31oKz3M6jqfZpazBqBmowuJPeLezL7eNCpZCNpfW3s5F7ZS7,SOL,0.01850285500006714,SOL,4,1
arb_324115888_324115990,324115943,5Gqp4ovHvkhywHocqRE2dXYbRcuMyS7QHpkN2uHdZJ85vqYJv7bL4BZUpAv2NbFXymbWpsK3xSaUTM6fFV7mLQBM,SOL,0.0014842850000012934,SOL,2,1
arb_324115888_324115990,324115943,3BJYczLj2mk4Fo3dpkwJ4fETnVjPXvyE2TKmtLxL9bnARJoNnWKGBncwEFDwT1eTTnfLYJtVGDfFW9mcDPgXHPfL,SOL,0.0004255399999996004,SOL,2,1
arb_324115888_324115990,324115943,2DPRWk87qZY8w5JZCzX43V6i64NBPLByuob5bnAkMH3W1nhYt7VrG4oBhLitKdxLpFVvZUuuQ7AzcfspY1dLg6zT,SOL,0.0020329650000027047,SOL,2,1
arb_324115888_324115990,324115943,2QKqQeu6S4dof7JAsWQuy8EpQTxMtX1ZaTUz83zmkShZrGkYWDAdeVCd8JWRWtKHRfBgQVJVGgkFsVjSr6mEQFiS,SOL,0.00023104800000234082,SOL,2,1
arb_324115888_324115990,324115942,62kdQy4nQqLaJn1zydTzeGofDhVshhsGYeeJpGBsifR8REbFatHx42aw5eWmSbAfBVbPr9cZtfv7RKqGDdB4ZgvN,SOL,0.000144245000005178,SOL,3,1
arb_324115888_324115990,324115942,5s23Tz6AwmyfrjZLbFjWLziEg4eqR7TKVMNkvcqtHgTT27L85GGce4SRNZ1k1wZuQ6rxHv5Kvn6mMYY5XHoYMmPF,SOL,0.00026479199998761686,SOL,3,1
arb_324115888_324115990,324115942,2fE7UaVmZFepi8G3845HmfHigky9fYGZ7kfcMK36o4Psztzb5Uz9AnSPUv3u5yL7NViNA5fgkm8Twe5LHa3K9ANZ,SOL,0.00014410899999852094,SOL,3,1
arb_324115888_324115990,324115942,6xKx4DcXTcNCEEj1RKZsDSjKTbHCX4oddJ84zwPyWtv2Mxcmdy7xVMunLn48mNyrNKkzLb4mrCHUY97Fm6wFnP7,SOL,0.00017127999999926857,SOL,4,1
arb_324115888_324115990,324115942,21mkx3praXiiSuqLuKGAf39jYWhC7rJh1C9pZardiz2aXjULAwcv64GWNa3prBuwJrkuPbqQjrKF2VcRUwAR9Vaw,SOL,0.0008600359999990526,SOL,3,1
arb_324115888_324115990,324115942,4uS8YcYSLKjem97nY5BwYNcn8cA6cv4qNsVnqPGKxSdCT7cZ1ofVZXBRfhWf2tun6miJW2gPktx4QfhrVmTHyqrj,SOL,0.002137914999990203,SOL,3,1
arb_324115888_324115990,324115942,3jK1csBGwvJHvA2pr1CSAXgToqKviyDmTM2E3tt78AioLAMTSWWNUidEr2RZxGSPUAVMgb7c5f5BvhEyMNNnBFZJ,USDC,0.13954499999999825,USDC,4,1
arb_324115888_324115990,324115942,3P5exhFfYDZc7TQaV8Kt4JzfPSCXbJsJgJgRTckr1ELGneCAjX7waaGbgxBvxr2bA3tBHaUr2Bd5TBq4vwfwSvCA,SOL,0.0004445980000016813,SOL,3,1
arb_324115888_324115990,324115942,385SF37oGUdESmfPrCtWPvkR1Sck9qA8w667uhSnucb8oDXcKXR2g8VwY1yhVJngVyTUf2EVJyew6pTWv3SrbnpF,SOL,1.1954999995254477e-05,SOL,3,1
arb_324115888_324115990,324115942,4tq3h1Yve4ewMrPWfQUdAPY68k6EXN7sECbccePEfwmNjHYDSyVCieiMZzGsDFkEtz69233xbxVefpysatxzxhMW,USDC,0.1819180000020424,USDC,2,1
arb_324115888_324115990,324115942,2zK44sZGMdAkKAhhj4mHFvgLpVmyNnBLCVYxJfaNY8YYt6Qr6U5W8uyC1stuAHJpaEGcvoebN8pNVkAwR22pENQ1,SOL,0.00041637699998600577,SOL,4,1
arb_324115888_324115990,324115942,As7CMHnQEvm7zTbAkvtJZCjqFQcFRFyYNUkrpV681D9xmA81TDvRQK613aAKgYWGpubSXmcXXSwYkWGCQanJ6v1,SOL,0.0007438229999996369,SOL,4,1
arb_324115888_324115990,324115942,FHN1SnQgXmSpjQMnmx9uCQu2bqstUs37GDXmFSnQNnK3tE1xKywZmj8J3Abd3Bmn5V1pghSRsh3qu4KW1AzfEoe,SOL,0.0001472889999648836,SOL,5,1
arb_324115888_324115990,324115942,BtggRS6wUojFEnX2Lf7TJhSr3p3h7ZXxWky16qM7Cb7vss73z7g1U843FZijXR1jZTvgYVMc5ZAq8CMDoGtKeur,SOL,0.000342060000016681,SOL,4,1
arb_324115888_324115990,324115942,2t59Uan3V1ZRpYjoJBhSUbKDo1ehdsYP9A2xJZ66BK5GpDwTaP4cxzCH6sqrpEjY4DVNpL24wCHJ2CtKcrFByCMD,SOL,0.00011953399999579964,SOL,3,1
arb_324115888_324115990,324115942,qEwshoYgwrFyTRLc7hAgABWfejeMg593ZLwS5NtA95woe6qELSUQdTRRBqqweMNAdbAPJrcMmKeoRB6zHthfCMg,SOL,3.539900001669809e-05,SOL,3,1
arb_324115888_324115990,324115942,4x6ED5DdRyuyaGstb19j3e8LjoyCYMj1cnwnDmeEvkTuvR6uQ4Vz9aXVQ7TqChs1HWNQYqHwHJQAvoHjo6k3wiGq,SOL,7.396500000041243e-05,SOL,3,1
arb_324115888_324115990,324115942,2HuJaLMToZhyQtXzJ4CwFbe9B4kkGC952rMffbHeP6G5xg4QC4guFGhPMGKj4rb8xsAhLpi7NCLdsjELAP1k4uob,SOL,2.2284000000057346e-05,SOL,2,1
arb_324115888_324115990,324115942,nkL5hrstF7jQWXij8T9VapC7yEif9UxSR6WQXvBaheG4dLj9kKaJyXmPZwzD4cFoSxr3B6mnJeXt6GRBjRj7993,SOL,0.00032227800000001963,SOL,7,1
arb_324115888_324115990,324115942,2MPBT3G1XvMTBccFsZQYYobMZevLP9zirPqTT4ckJ7Bu5tFmAVwBzr2cyAjiHjmeZ9PnJDh2z95aEYt8gtgE3drT,SOL,0.0008625880000067588,SOL,3,1
arb_324115888_324115990,324115942,5jCNm9jCb21zUW8TxqqzNittt6P7cambHdVw8kPE8vZFfpXkBhebVRhb4QgS7CRghYvNh9rKR4xAsPWBfQaC43US,SOL,0.00011724600005809672,SOL,3,1
arb_324115888_324115990,324115942,4hwZGEx3Qn4ZWEFMrH6mTF2GgoTMaMVT3crVKnAeJEySyhojf9GLEpcNtaiadjdJuuS1G93BMBJCd5LVwd2tLU2w,SOL,0.0008727309999866954,SOL,3,1
arb_324115888_324115990,324115942,3r9JFZ2DwuMFGXhEmpbBjxBvXR2gp1j9VQmBi2DaJxToK3YUwngEkaQvQjSxSq78aKJRRLNUCtwiD18S2ovWwVWZ,SOL,0.0006513780000007531,SOL,3,1
arb_324115888_324115990,324115942,3BUjUYxmJ44RUSz2mZf6ghJJJXjrJy8cLP2pD4t9YXcWrdv2wxqGSTf7XhVjiaN54MXwBh7L7S7gFu1aPeR9zWZA,SOL,0.000646122999983119,SOL,3,1
arb_324115888_324115990,324115942,5Czdd7rYUpv8vtu71Q6nM1Y7y5rEE9Q4qVYAMGM7JiPUg89EKPGR3mvzdV8PGqpzv3xz1xoH9cF153ay6ze7PfXs,SOL,0.0004182670000023609,SOL,3,1
arb_324115888_324115990,324115942,5KHwZVsRF3SdFxWMVU98Gwj2pgj8zurk7eRTKVRcyAq5HeyBfT1sdGRDZr1Cyqv9GjjxwPsrmQRVrsr6mx14sTH3,SOL,0.000505821000013096,SOL,3,1
arb_324115888_324115990,324115944,3TUyEwn4ZZJcztdMK178kigjx2UgSiK43G2XZ2jjZZo3ieDhfdvtLQ9uZkzQdFEQqdrKX6KbFyhyLrzgfuMP8mgJ,SOL,0.00029878899999927796,SOL,3,1
arb_324115888_324115990,324115944,3zNk92SYCMbX8jjBWoHT32XkjBuXBRYdQafjMU8N4NxkR7bqCfdKACoQspZnhQpT6h6f2yLvnrkXi9t9dxoy6fqC,SOL,0.0002441129999962838,SOL,2,1
arb_324115888_324115990,324115944,BhDksigpVyWsQgEaBgZaycNah2vAiXiE1bo3nUvAkF3GZmyQqeYLDRoa7TLa11iaMhC8dso5FPjhFvcCCX5SnRN,SOL,0.0005194279999924509,SOL,3,1
arb_324115888_324115990,324115944,8ZusUSyB7GTXtdEuHq6G36dBhj1RvEik4kitdBAUqC7AeqXjABAD5vfuwLuWvqH6KgTS8vXpNdiUAHRCK2jN7p3,SOL,1.805299999571851e-05,SOL,2,1
arb_324115888_324115990,324115944,cPdZnohJuhnXNo7H7L4JprYGtZ9TrcTDJHN9wQNRuaa8QJmieLKiDT23gHmCzdjKirhNYQBVyBdXToBVd8B5DbC,SOL,0.003666817999691245,SOL,2,1
arb_324115888_324115990,324115944,2QQJhtAkX6cTAkWkKDpj7noeaFxT5WjMYzjU61rbGqeq7ftx7i26fSw2MUKEAi9iLakZX19HPPgvFUbKeQ12sPHk,USDC,10.65632000000187,USDC,4,1
arb_324115888_324115990,324115944,taVDHkkhvVzbZvK3EjMHCtP2C6XkPnjfYx78wCDmVygLYdYP51UhJYRPLFWNN9tk3TEYBcD4AsB2HvYNhcV9q4y,SOL,2.386499999999065e-05,SOL,3,1
arb_324115888_324115990,324115944,5xLMc2U91TkuF4oJPuPkA4v79EEckVqGo4GuG4dxp5Sqivn3pjRBULDNP5krLpE5QG35FNWy1Px64on7uWF4i9dZ,SOL,4.978899999526253e-05,SOL,3,1
arb_324115888_324115990,324115944,2ZuVC4TDxGw7meHpeQT8ivFYMd3BtFC3Wap3ABW6GraBNFqTxgZatmgCsQK1Wv81NzRbCjK4H925VNdM9fP4uBJo,SOL,0.00022526000000075896,SOL,3,1
arb_324115888_324115990,324115944,5HgLRoJMSQRCMQ3Tur186KNay1BuGtd8MKYcNqhHyjZaYdKfdSXtzVkTUSqGDteRpzBg8ERjGoEu3QdUYnoB9dev,SOL,6.802900000331181e-05,SOL,3,1
arb_324115888_324115990,324115945,4393F7Nmc3yLaVunuBubeR1Q8mkQx89riytZTTnhCm7J48yG9MaGNHC89TA4HseFBt8qXmASc3wKGFUFk5Unu9eo,USDC,14.207879000008688,USDC,2,1
arb_324115888_324115990,324115945,2B3ZXGbzX1LvPWnNfkc4iXqWGxvh31MWWdiSNFtjAkvdSHxgLuhhYUkv9JSr2gUZMKChGJ3Ra73v15p8BiXNVxRe,SOL,2.8453999986066073e-05,SOL,2,1
arb_324115888_324115990,324115945,5czZGFCxiy436BZbLcEp21oKvGL9oertHRT3oLTGhsdLcb5h9GptdvqN2Q5PBQG7gots6CjZMRSkppVyLxZJ7Wjv,SOL,0.00011875699999921714,SOL,4,1
arb_324115888_324115990,324115945,CU8PDxQ4wtdptpRGEB5FEAvT26bsGTV9Qu3TesB55cLMJ3BpBLc5SieiZNomfADiWWhskuvBuw2HzYvKQPGrRRR,SOL,0.00041648900002729146,SOL,3,1
arb_324115888_324115990,324115945,5dVqReaRPQiaNGauzzP6rddF4qMVqx3St4v5KeUjAaLUv9Jc7j8KkK9s3EEpdzpmTC3ViBSkaGiXxDD1yiA1tGA6,SOL,8.818499999995851e-05,SOL,3,1
arb_324115888_324115990,324115945,2hyRUCgCVACUra8hPxFyLuwbGcUgJs2u2QeGjbkNZm5js8m4iNKsxQ31ZawDmARBPHzr1sYcJvVyw9FBLXw357fK,USDC,0.08374499995261431,USDC,2,1
arb_324115888_324115990,324115945,4QrXPkjFTmKs63sLoyoJ1Edaq5Ri1M1nmnqarZNjuhdgd562zhWb97bG7vUq1U2NCcvZioBWPDQqJyEUMVBBVTK5,USDC,0.025467000000389817,USDC,2,1
arb_324115888_324115990,324115945,3oJcsQ6xC9jMqaqdMRMedMEPmucDx6rgEN2k4pa5iwkvHoYVY6emYF2Nu9XwRn4hMFKa5hL4ZHKJ2Bdw326UUqcM,SOL,0.00048099499999639157,SOL,3,1
arb_324115888_324115990,324115945,4UtwuUPjjyCNmnjT6RpfcD7zrTm3bBimygL4LgHEkzG2DGzuzE5dkBqhfY6fp8zfjbAr9ttNCQBftDYqpM3JYPQC,SOL,4.177999999924724e-05,SOL,2,1
arb_324115888_324115990,324115945,5MhuTrjrVQAbSg5id8CcZzBDc1Y4S6dQ91zxAeJaPrfPBoJKXXVapD9t8V6NcJzMhQr1kfYexWU1VmAfR6az9kB7,SOL,0.00020024699998971783,SOL,4,1
arb_324115888_324115990,324115945,2g1fF3jautGbwhPnCzS27EjiNRVaTE8nJZSd6nmuMXvG9ptp28BJuee3ayyF8WC6K5GvHyca6eEL3gEqxsSh3J6F,USDC,0.0008699999999990382,USDC,6,1
arb_324115888_324115990,324115945,5uPoJjqEhG7WauYqJB4Hcfxkusu2SS5LHe8iC2g9ntyhKauBZy6fRshYvBywFvrapUsbrpmGEEFjZvrb5ZvrjMsZ,USDC,0.018799999999828287,USDC,2,1
arb_324115888_324115990,324115945,24Q7SnjycvWp33R55mq78QUehKhVbhJVNqjCMs2c2zeHDruZYUG1yC7GwEnTMk6fP7jZQ7rzoyGzmsvYMGUiN4hD,SOL,7.17289999994146e-05,SOL,2,1
arb_324115888_324115990,324115945,feHBsjnRcRtnuc5vGjUVQN9PidkmmfiVCdX94Cr59ka4AXZ5oZtfKUhNxS7yofzHV8pAEcznoyroGYVorqSNNkx,SOL,0.000768210999997997,SOL,4,1
arb_324115888_324115990,324115945,5qFqZaschSXixEj4Jg3fYT5oEC3xxBMqiFQBxLNFxWWvtsf3HY9zatT7EbYEptnYJQ5zamBtZjSpR2j8NZoRaGJk,SOL,0.0001935760000223974,SOL,3,1
arb_324115888_324115990,324115945,VVvK7yopLxjnNB6gohcRkvRDyrkDVyzdqrVPgLwf3E6cNhG2hmLZbQmuVaWSr71RtUNX3jioYqfxaDcBVeYQ5Hu,SOL,0.00048438599999583716,SOL,3,1
arb_324115888_324115990,324115945,22jjbU9K2E5CiJAYpBHF3BJwGJgJ7PHkLeuyKhyMR2ECD7Usjr7qTwFjiqt9yXCh4G119j4f83jDQgb5JEF88BCZ,USDC,0.02355099999840604,USDC,3,1
arb_324115888_324115990,324115945,64EuHjuwNGgRwwjYzAeVzUr4Dae9heA5fssywCWsRTqVvnKkWb6RXTEuA6YdBaCoRLqDZaWj9izXy7boSfkE81FQ,SOL,0.00016113499998739926,SOL,4,1
arb_324115888_324115990,324115945,4CP85NUkHEkKK4oJXdYKhfvkY7W9zgpybnvPpHPKUULNB1yynu7Qm5Huk2bLEpQ8ZSitgD4YF2aZ5Wij1DaQNAo5,SOL,0.00032418699999334693,SOL,3,1
arb_324115888_324115990,324115945,3Bp1K14PVDnUE87uFyfm3G2St8un2isCapNoAYDXN3JEbgm2jbLyGSWDMC8znyuHsp35SdAEh6W5icEp3zTgRJ9k,SOL,0.0002380610000028299,SOL,3,1
arb_324115888_324115990,324115945,27iLbkuGP6YPBczRKGa3vrFP6Ho8fGbAqvfaHLycP9RwWDfj8Gv9HGA4j279ZRAdd9zMXMKZ54UiZ8n41E1UKZN9,SOL,0.00046978300000642746,SOL,3,1
arb_324115888_324115990,324115945,4MRcuhTP4hqdh3a16vqomTZepG9hVpJsaTBqRN5uZRGht1rmQB7v4rnEimnQRmtsZRGqeEeWsL2CkzZzHLDnHVob,SOL,0.0004502739999970473,SOL,3,1
arb_324115888_324115990,324115945,4FTpSQSix4QX5eMHi9ZLm5GJnERfSjv4xKxiKbnuw4Swn5mXbxG4naFgHSyUGsMXCW7XMiH4vqqSrQZe7K2uJJ3c,SOL,0.00016289300001428103,SOL,4,1
arb_324115888_324115990,324115945,3B5yswju7ydFULt7ApZdxMSMkXE2Uyz1pJLHVWatjGbMDGkDueropVBtAu27cx3JDNXSzonZQpkNUr4EgyHq4sgs,SOL,0.0002026690000089619,SOL,3,1
arb_324115888_324115990,324115945,4G5xqmm4R9GJAkpc3avLsTFbFACKg81RXzU5TRRDJpZT3MLsmt1aF7Ph17cXyri3zJcwL5V1s5e3HY7QgH6KJ23A,SOL,0.0002268969999781992,SOL,3,1
arb_324115888_324115990,324115945,319dnswUKxLAUPP9paoAHSjdroc62EmvbTnfCRLAsknVMYerm4FYZDAGNPNURg3epSsJCnTSoY3QLsHiNpdiXUvy,SOL,1.8243999998944716e-05,SOL,4,1
arb_324115888_324115990,324115945,se24VegvozXENhBsREAgH5BPcBjWUEXMxp6CH8Fzk6isX7e1MgGahmwvJrb8fSCugVBtSLvuQ4qrBdpgacmxqFb,SOL,0.00030077800002457125,SOL,3,1
arb_324115888_324115990,324115945,5XmLiCu1QBXhxp3WYDKzXk8AH44nsaaHhyk7hTMchvhFK5AS3amVM2ut9sjH1ftgh88dSHyMHghWzT57LEUTfhw4,SOL,0.00014057999998020777,SOL,4,1
arb_324115888_324115990,324115945,5wRoLDTLg2p6ag1DJFN77GUsozhT9b6dGGE9JGFKK2N5nizZwJSRqFRxc4YanLq7cih3AonaQvSsjADoj39r4Zj1,SOL,8.4638000015373e-05,SOL,3,1
arb_324115888_324115990,324115945,4AEHGWye7K4y7ZNKTnZJoQeT319LTfu9GYwDiGgH6GGnkqybL6SLzkWZ6Ex2W9UtBPoHQXQXn4vLYVZZyMCAXey6,SOL,3.841600002961897e-05,SOL,3,1
arb_324115888_324115990,324115945,2sfLaDxcCR8U7sn5gcvBM42vYiRpneSrfiauoYscyJ5USwxE9rQ5eYXvk6BGBpi9Fxg15Rqz28A9wPbHZSnKfGsi,USDC,13.172656999988249,USDC,2,1
arb_324115888_324115990,324115945,27psHj77SvrML4nNaCpEuJM8yzyFN7ngPcnqWQGUwtmRoNt9GsTvR3YFCx8ZuqYcLxgZhsaySv1NeP796y8ZMVzh,SOL,0.0008043509999807281,SOL,2,1
arb_324115888_324115990,324115945,66wFqnwcpYnKYDBZdf75c4oi8Mge4d816M647u8QyTkdcVDpUzfuc9uVyjG2bMsJY4CxD3LsaNzM9DpVX4Tqm4D8,USDT,0.07083300000158488,USDT,3,1
arb_324115888_324115990,324115945,5fiFaX7nAupyNsou9abmypteXzJhc6f7xujTRvbsjgVcXbDE6NyBx6B5J44vuHDo8RbjwGkQZLE9gYjRL1CyynA7,SOL,0.02140285700023051,SOL,3,1
arb_324115888_324115990,324115945,s1zV1JNBK3ajTxEfB628k3gTExiJzw7bmwFsN4xRwRPD99jxZDmAHMb9Se5h7dXajKQS5GBghjWSvwc3Uffki3q,USDC,2.226215000002412,USDC,2,1
arb_324115888_324115990,324115945,2Lv9CVcU4dLUnCRDKNhhecmR65LZspU4KJ66g68uZYmFKU9jk85RvtW4JxQuHuzDv8r3YoSHpzWs59NrGzxjmgNn,USDC,2.926422000000457,USDC,3,1
arb_324115888_324115990,324115938,4SAroNNQeJzmTcscf9WkeuBeCHHQanHh6GCymM337hpsu4VrfR2LdD4dwBAXJ2PAWnwhvH9oVigQh5PTWRHm9dLq,SOL,0.00018426300001442232,SOL,2,1
arb_324115888_324115990,324115938,3SFNDiE7MqWvwZpsrv46Dem64SagZ6Wm6WNkL8WL7SL5YBeSrtbhGghHqEmzB3NGEbQmmgpFh3DpFw3QeMB6yP5v,SOL,0.003981239000032211,SOL,3,1
arb_324115888_324115990,324115938,23fohB9GoF5XPEDG6o29NtGSvd421t45WHri1T8ynvNuXBV17cjSX2n7Gs4DHkUzEt3aju6tJzGGU8kCoSvrmcSc,SOL,0.00040500100000553214,SOL,2,1
arb_324115888_324115990,324115938,24Smr5x5AAQfURhrnDrhojaKVHKkBe2NKsWWgZxEAfb1sDUn8NwZcBuAFFGTtWSTEpLGqzhYvcwqPrLirahGc6rB,USDC,0.19792000000052212,USDC,2,1
arb_324115888_324115990,324115938,4kh2np88GLgdvLc3tZo5FC25MizZ1YWo4FCTgwdQKbEC1t1d8Tm3uW1bE9q8Zozd5oWwEC2515Xxqr7YUX7UDfY,SOL,0.00012796499998992712,SOL,2,1
arb_324115888_324115990,324115938,5938WweGfFhksj3UkGTjHEcnRExz4fhQ2r6PpbNY3YYvoyFwKBhYK2q8uvLT6QzVmaoxqCBqfCw91fKKxSnDE12h,USDC,1.5063040000095498,USDC,3,1
arb_324115888_324115990,324115938,36JNuZjtN6GivXixbxx2CPnFq8mC5rwNpQ8WV9CkHxEgvtSDDXDDCnGca1bfzbWE1QC6BzfReN7d9Rzt1zJFNApK,SOL,0.003441428000002399,SOL,3,1
arb_324115888_324115990,324115938,5WnVe7M4g8PZ9UAdGyVtXbAyQE12sWdGdcLRZswxZhHNZgu321eYtniUo3UhdJ2CFLm5aunNadb6FkYg7PeyDmDc,SOL,1.27629999716061e-05,SOL,3,1
arb_324115888_324115990,324115938,2XBjJLTkQR1Yu5W1mVVAbYXThn8ygX8y9DJYNPfX5M1Gs2AtcqoS8tPnMiQ3U5huEvSQDiUUoiGuVUWwpmnQii4U,SOL,0.00016038499999515015,SOL,3,1
arb_324115888_324115990,324115938,WzUiQG8x5JTFcqa4TcaEfmj53yAdwB189PZZXbxm98MUt9JxHbuSjb5J9uRQbZMDD939GACadvzj6Z4pj6HrDeh,SOL,4.585800000966207e-05,SOL,3,1
arb_324115888_324115990,324115941,2zfvWu24PKt9xMpxqTXtfVN6ZAc5P86mAtfcabGftFo6egKZBNBTAPzGNoMyyGWndW5p1Eksz1ypr8CqPrm8i73X,SOL,0.0002158870000291066,SOL,2,1
arb_324115888_324115990,324115941,4XhEsGSJrH6eAaua2a2s8xZuFVDN6fEWg41kmfoTjitWduKRYDvJPgbNZY7aYp2amCUd1JaRwDtBLuCK1Xra2qc3,SOL,0.00025351099997282306,SOL,3,1
arb_324115888_324115990,324115941,5aucvTiKxBBDDkE43RVotP1LbWsURFkLotAwmULhityEBPfHYi6JLvH3WMJX1BX9vtATVHgL1tkQg18sjN2ANi7u,USDC,8.053725000000668,USDC,4,1
arb_324115888_324115990,324115941,4x2CCPqDwGYvj9U9gfYsUBaZQxhsQws7T2zZsUraVAJQe96N6m6gu5Zb45pon7KNqp6vUzFwUbFPtJDSBjfREhjW,SOL,5.1157000025846484e-05,SOL,4,1
arb_324115888_324115990,324115941,PLKdtfvuMmr1sS97LULFRj58WoPhg9KdYbb2rbeRS7f1ZWGdJFzm5xArgp7qBnYbne71G9dKEYEYeunEgfNKUck,SOL,0.0005256069999989178,SOL,3,1
arb_324115888_324115990,324115941,36YQBpngHkSKfavCwZU5H8gdYZc9MDeMBGQ4VBfocthT1awpcuH8NVv4sNNW8yvDcj1uM76voNecXxxzwc3fdE6M,SOL,0.0003439619999957958,SOL,3,1
arb_324115888_324115990,324115941,4G12EPf932JoPoopvnU9BLckUvvKm8jMN878TiWpdpfbHGkiRrRKPByLHeNrQAQhyNmEoRLNgmFRYoEtGatehS6v,SOL,0.0014769270000010923,SOL,4,1
arb_324115888_324115990,324115941,57PW6aX88KkKqUyQCbHQfHFSR8G6eBZBsdW9PuBPeapzZtfAH1px3fwVFCH6QGYnsr1eDcEEUeVa85XyLn5dimkj,SOL,9.10279999996857e-05,SOL,3,1
arb_324115888_324115990,324115941,LkwP2jZDDtBtFWGZpSRPKkC8tjTEY8WuqwVXAznm5fpzbq9LJtSMxUh18cRSScrSazGwCr1TRpLpHumT8Bomsht,SOL,0.009332032999953815,SOL,2,1
arb_324115888_324115990,324115941,2jPLT98Hu82HkUQ3p8LuXm5qa9qUvdncfQ9LdNgrzuTNkjx92edexLy1ZTFh6vc5nnXdgMGbE2Q6MnAvnsTAeAYf,SOL,0.0010970280000010947,SOL,3,1
arb_324115888_324115990,324115941,2XfY9x4PLXVJ4aQwWBqAWgHVesbkcHXpB1RKd4YNVE4fTjCgssydDBsD2FQ7CbAndeW68sjzE7K37VsjbS9F5z6X,SOL,0.0003189639999902508,SOL,3,1
arb_324115888_324115990,324115941,2gRv1K3zkvcMgwjdY4wJGscztGng7b5PGEwwGavQCZ29k6bGA2WyoAAB3yW39xSpVhGtnotmbmn2Ru9MdATD6ASH,SOL,0.00043377300000418506,SOL,3,1
arb_324115888_324115990,324115941,jsjx9MguspVzxdji73zNc6GjXRxmz8KWr1FEr1t3ZeWDJQUjfe57WPv23xhbus1qZDzocCKxrVBGCyGM55yGGW2,SOL,9.166200000201327e-05,SOL,3,1
arb_324115888_324115990,324115941,4696CfCL4c9XWLvTi8cvV7PuCs9LMMJhusKG6ifi171zMFUVwyH4D2FwLWjzcNSqEncR2JqmbdUygfmHrg43fCUq,SOL,1.156599999914442e-05,SOL,4,1
arb_324115888_324115990,324115941,3QuHHSM2zhGGYN2oFyr34TLATrr2kt5THGbHnkQV48YCQE4AospkoWFpGwC4sHFFhtLS3N9q14KBgjYjQjaYWXb8,SOL,7.513799999218991e-05,SOL,3,1
arb_324115888_324115990,324115941,3ksZjJrnteB5KppZ78e1m1axVeBCRYkVAMosABTEGS81xHrYgMVL1NEzKfPtjEAZpRz9QcX225oc1AS2WP8DQjQu,USDC,0.05373899999904097,USDC,3,1
arb_324115888_324115990,324115941,derPnkk3NPmd1B9GC2xXL27ziGQoumhkpA36jpAdnfW1ByEH38xqd7GEm93x2V6fgmNgWt5PrXFPfbcWmtEEhvg,SOL,0.00017535699999944094,SOL,3,1
arb_324115888_324115990,324115941,3oVxrPeE4f8f6PX7xP8zd8Q8A8LKC3mkS8tpB2A8grJvQwfJtt2U8uPk9nyGESAVECNawaeCzmy3CahvVX8S1Q78,SOL,1.0244999999500597e-05,SOL,4,1
arb_324115888_324115990,324115941,31nECqBh6gaVerGpSU6VAp6cxvvByZbqgtvsYqyebEdyEAmMF2d1mUKeYPFkwjozqi74aZkBSaLVJamxVQ1jkWSu,USDC,0.20544200006406754,USDC,3,1
arb_324115888_324115990,324115941,2c68QwmPeAAFHg9gVDFXoWafRA3U6YQQapoEpYTR2qhuDYFYYhdM9NDwo6eb6kZea5dJ8wtHsaCKJauzs1CtFCFC,USDC,0.14757799997460097,USDC,3,1
arb_324115888_324115990,324115941,2Hv4FJTQEAMNkpK9CFoXQuujG3tKZ7SRC7rGwqmGQ8BJiF9bufSb55v4khjQzi4gFBuDES8Ho7uwRxLkG6FYQoxK,USDC,0.16513900004792958,USDC,4,1
arb_324115888_324115990,324115941,35ZpUMgnPLpTXVKPiB9AgnrZmN2ZupYPBqA9ZB88L5pvfDm3FfYrWCR1Cp8tBF5X2czhHESKvXcdFZj4V82YbfvB,SOL,0.00029796700001430204,SOL,3,1
arb_324115888_324115990,324115918,3xEx4Ah9pR3vJN4S3SvJQ5ASs47J8UtPR7Q6H8vLLvCJLtgCnti1641m8iiiwJH963V7CyGHKRAFzmeXeqDaPXdg,SOL,0.0021768939999285775,SOL,4,1
arb_324115888_324115990,324115918,DvyQEBXasYxjUN9gaTo62qC5voStVCgGyqqRx7LxMohFhgGUFuDgbnSMAE343rEKhXoZKtRyNrqV1icpCjBR67P,SOL,0.0015135150000399134,SOL,5,1
arb_324115888_324115990,324115918,2MByMkSiiMbioeaAPNQVtzD3X8TAKiyBQN9zq3HJxQykFcVeLqBd6rah96zSkPrzwULpCU2mgLK2sLnBoJjztFcU,USDC,0.06776200000012977,USDC,3,1
arb_324115888_324115990,324115918,3UipTYEffpzGfuM9PCzdvaUuday4dinVK8KVmbQZXo2guVvBSyYRYB5mjb1rkAvyXxwQD4k8H9bEpG41UMV2LyYZ,USDC,0.7867590000387281,USDC,3,1
arb_324115888_324115990,324115918,315zM7NsZxAVXeHJNmZ1k24KzmV2UaNNusGP5GxmLyPVqFWBMfqQmzCHXxKsG5pWuwKBtH9YwPBD193jmR5MzQmk,USDC,0.0008249999996223778,USDC,2,1
arb_324115888_324115990,324115918,2M5Rs3nkzeb146WyXgSpZQ1pnG4CD6AdxPDcXM1YQL2cJeCuCcepXYHaNLopTF2HcH1TdzJCRLBRhjSK7P6vmEsD,USDC,0.04351300000007541,USDC,3,1
arb_324115888_324115990,324115918,rGStBncaaXTuUtnzTZats7FPcTQCjKU6NgtSSJjgUiXAiR7R7KfWHcT3JQSzLj6VPrAVxrPkp6J9drXcL8gDZ3a,USDC,2.3999999939405825e-05,USDC,2,1
arb_324115888_324115990,324115918,tksyS85DdVKs7kjYX5dpbCRbcEk6RLum9eMVc5hHcd61kwc9jb9cJkqpJfxt824omgowkBQn9DRym3EW2d7GL79,SOL,1.0592000001863658e-05,SOL,3,1
arb_324115888_324115990,324115918,tNhEb6NBcsPQSSGXnXkTEfHFHhXhEU5dutsFQ9f7B3ajdtLu3m5tF73DbczJXkqckNk3NqBd8RnY5wXrg4zzocH,SOL,0.0005921060000026136,SOL,2,1
arb_324115888_324115990,324115918,2CfThvBa45Da8eCvbTb17TnELhEvyiFRd5rfKgvYqDSLFDrLpNkVHNGaami9paQw1J15TtDFbJQowZqGNK1uaagX,SOL,0.0166349630000048,SOL,2,1
arb_324115888_324115990,324115918,4QLebbT3LRwLnfBTLaeAgR5ftDXHjLXRmZzKjfA6SpYRK57JbU5C5t8RGKpR5N7e9HvzkyasuVzqWkobstJZxCC7,SOL,0.0005953639999997395,SOL,2,1
arb_324115888_324115990,324115918,2aJi9zugNUDDs1YD1i2yMvBCDn9VPo5g6vTv3XW8gkXQvPTGgKvwW4igU8ZWnqKbatoBUeoDvPLdQYEqrcJsCm5y,SOL,0.00013550400002049976,SOL,2,1
arb_324115888_324115990,324115918,2rAsT2SYCzZXiBRkviAWmLEsVxk5Qfs7SGJ4ccQ1bUhDcmHkAhsxqHMnHvMP8pzY2ZseUz2jz9TJTGtZmu1gkkXB,SOL,0.0003791330000023546,SOL,3,1
arb_324115888_324115990,324115918,2zSt3j37pNbjAUafidJaf1tpT66bXfh8TFPaCcTw62pWGJWn2voFPvVRMsQCT8qF2PonCUzkRaRZRVzeX3cjbYFj,SOL,0.00017141899999036073,SOL,3,1
arb_324115888_324115990,324115918,3BxeahwHLa1XyF8TLkHWEgdK5hr7hKy8efQpepaS7LhYMAMmF9bUd1SBhaFzPNxFMrcDgwsMBEyp2wPdQz3EFLs,SOL,0.00047866400000081636,SOL,3,1
arb_324115888_324115990,324115918,31Wyn9SGNSPvSphPBnkNe9NnqxhewTxaiFTZnwmKcpFR6J84TtBr65HfxgnP5ZJ6BxSBZGwuqcHXWfo6UTBew4xi,SOL,0.0004656449999972253,SOL,3,1
arb_324115888_324115990,324115940,5FscREy2aMp4c3eGq6QDdQ1wTy13TCYj2nrRZ5SgRXRNKDfFGnohNq8TsahpBKFP7hGES7p7aW39UE2o1hwwQvpp,SOL,0.05733361200002689,SOL,3,1
arb_324115888_324115990,324115940,2quxWRauQgCFaBhn2iAnwvHVPPDKAtLaMAfqqgBSkvPxWFKH5RQ5NyWEvCpCDoJqyiUQqC5gn3nLriEfkiFhPC5h,SOL,0.00013742399998318135,SOL,2,1
arb_324115888_324115990,324115940,FvbnTb1X9gBZUwQ9nYgHNdL7MA1nRXJShkQSsCdj7AZEquQkGoaV2EyZxRAwcgUpY5gVdjvFNum4egvxRAA5Epx,SOL,0.005361135000001444,SOL,4,1
arb_324115888_324115990,324115940,67dq8L5Xh3KRMj6X3Qfw3YC1Nirrnijyj7YX7dk2vFUDyVf6Sek8HE8nsEiNcWfyEUm6JSo6QsyAcBkAnww7VVjQ,SOL,0.005633243000008208,SOL,3,1
arb_324115888_324115990,324115940,4R4f2U1aXLcPRLyHMLszQJXNuP9j6z4EZ8mMuHftUscCLbpp4pbDBYe5CVBAkTVAPeBizEd8twwhBFRJm7ZAGWoe,SOL,0.003748986999734946,SOL,4,1
arb_324115888_324115990,324115940,2aJBnMqoaUwMdp2x5LD4cheg58b18QbRhPwBrmTKRLi9mKytzVQ32pSYR5mPS15S4yrHp61tMdPmcnD32f8UEAy2,USDC,0.08577299999888055,USDC,2,1
arb_324115888_324115990,324115940,DXsne3BpjrELUwhi1BMDg2ZCbn11rpxtg4j6nyS1zGJgPRjPvTuQFtgrf2BbRpb5NfZfMSXiCSV8eNfAbRx1y4G,USDC,0.04429900000104681,USDC,4,1
arb_324115888_324115990,324115940,39LXzqigNjeJsJQzE7uRsTvPLH5xvV8zSBuiHCUs46hNjryG6KX8zFwhMA9XHtHVfvwNcn1pSaSqgLTUURA2e3Hf,SOL,0.0029793390000015436,SOL,2,1
arb_324115888_324115990,324115940,zT5i9CHCFk7jFiDCokQ4bMtXXnCc9b1e3hQQiERVQR9PTNCsXXSvAb9z7xjVcMwhBrFzvCPaknrjED2oUonYaFM,SOL,0.0006899090000039494,SOL,2,1
arb_324115888_324115990,324115940,55RNNLyHE3Svt4Br5sPJwxZA4iN4WUZ9utfrk859Uv6N8sn5Mt87n96NQnpkDGhu7nnj1km4TZWH1yUTRutov8ux,USDC,0.1603419999999005,USDC,2,1
arb_324115888_324115990,324115940,4rERTZup2JXGovaWyRntKbfLXkviSWTDRcowk8MYXagoj5fW79dgUXsjGHniTLRUQHXtJbCM6F2SSjr5UHCpLcSj,SOL,0.0065681410000294205,SOL,2,1
arb_324115888_324115990,324115940,4Hs8EnCbHoqbV8JKQyh7vuA1qkGsYGNQdZy1WV3CpZ6kPCvJVSvqmqxB1bSwb6SHpyYQ119zBzJudNTyYSgcK8z8,USDC,0.1050190000000839,USDC,2,1
arb_324115888_324115990,324115940,2sHBdTwj965Wx7vjTE31VcvwapFdZXYuocZrB3DY81veuQRuH8YWc3EGxFWTmcAPxd7VgdDmSgcx94UDHyb6494j,USDC,0.046084999999948195,USDC,3,1
arb_324115888_324115990,324115940,4K3T5NBi3VsDdZvWKbFvXHHnUo7VSrcASoJiKADANkK6LYL6tAzGW2LE6NvQfjtM5sE7222ahShjs16dXBPMrPMz,USDC,0.0362800000000334,USDC,3,1
arb_324115888_324115990,324115940,4BYKcnZ6n99gtykEYZAvRGqhp2cu24M4mH9PJbntn8HAhtrEg6XvckvpPxA1tKR5mWbyGV2AsukazHAERHKhhFvE,SOL,0.0005686520000000913,SOL,4,1
arb_324115888_324115990,324115940,49NApugLDdJTCtrY82zbA2Dgu3LLsZxFK4YJ9eYS1yzDLmqg9RsVb8aUCQm83XtiSCjCdBzUYyfkHV17JiCDcMVB,SOL,0.00038773199999980924,SOL,4,1
arb_324115888_324115990,324115940,4Akq3iQ9nrcE1hLuqsrfY5xnmWveTVhUnr5ikdM86iNhzKXp3zbhmPqvNCHEDWS6rt6CNEHtLr3QAb2HZdJpQDha,SOL,0.0005158940000008422,SOL,3,1
arb_324115888_324115990,324115940,4Akq3iQ9nrcE1hLuqsrfY5xnmWveTVhUnr5ikdM86iNhzKXp3zbhmPqvNCHEDWS6rt6CNEHtLr3QAb2HZdJpQDha,USDC,0.008466999999999558,USDC,3,1
arb_324115888_324115990,324115946,643Pv2So12QoHaux35nqG3rMxS84jobBPTT83ghnhp68Lk5nedbuFZwjmuAsHQiidRimXocPtvUJB2qCke6UJYeS,SOL,0.0001580189999961166,SOL,4,1
arb_324115888_324115990,324115946,3mBHS3c47CB5mynxDXrNjUbBRkx52VEi33zbaHoZ2fsi9Cj6qFRB3qRwcnwMuF5KSkw9JSmZN2xLaiTfcPCjSoPj,USDT,1.000000000139778e-06,USDT,3,1
arb_324115888_324115990,324115946,5g72iXtyEx3fK87qwpAyJP3AjRqu1XkNVLaWTrcrNr3vLGcMET1G4MZuggu3o11nzvUxe8abukCXCaSMJKkv5N6V,SOL,0.00020152300000093843,SOL,4,1
arb_324115888_324115990,324115946,3PCvwB2Nft7NbfT8g849gNcHF68YPGr57HWw2HN9acphWeWwE2bhcpzATDL6BBYFZXJ56wcNuQnfgvPRELBovYqX,SOL,5.499999999999975e-05,SOL,5,3
arb_324115888_324115990,324115946,2AMfsYr1Ctjj5di5RiyVJWNeadvbxpcds82mcvSmS5HQpQ4HaQphgQpqJiwR1yoJ1fGL186c8surXkca2i8JESL6,SOL,0.0004015630000008751,SOL,3,1
arb_324115888_324115990,324115946,BGuezBgnTpeZuc3CvKXrtbEwFBKwcXHvcKSLAQr47gWbyqPLpue8yQ8zCk3xDfdW7ri5pkdVBcrkHBxwkQALVBd,SOL,8.292000000131126e-05,SOL,4,1
arb_324115888_324115990,324115946,5fqggaYm7wwnbbJhQgPA6S3hzfYD1PaPFFfFhDpn8CZF86gAtfZrtLSGoAd1JEdkyQdwWFujvcoSp25vNaXrtjjQ,SOL,7.811200000085679e-05,SOL,3,1
arb_324115888_324115990,324115946,A4DTd4PsQU73zUobmmBxSGSNrAtMrEqVJ7km3axT8cdgbMq6cFkH6s6YJaHfQG9t1ywwWoQnpnE6NfmvpZkfuSf,SOL,0.0057273820000011,SOL,2,1
arb_324115888_324115990,324115946,CTUx3scw8jXj4b7pZZGZt7dAPctUgCBqUaheEny8ZNXtFEkRQPQ2bXaXFMQbQcUBnnyzSsoSnDgtj3avfMMLDMJ,SOL,0.0009124550000225611,SOL,2,1
arb_324115888_324115990,324115946,3dobMWJsEmcgdqTR7on6J9BCvergLqbpzwn7aRnVVXKEtp9FcyBxpxstn6LFPUztzbo6UrEZswDCDKzcGFnhYQFp,SOL,3.3237000035133145e-05,SOL,4,1
arb_324115888_324115990,324115946,mNjXRuvnCPkJqUE14AowYWJ4nUs4AYhwsML2Qmezi95jLVCtMqRS9uH4kDr8v6GosDfszEkvq7U26p4487xnM4M,SOL,0.00037821300000272966,SOL,2,1
arb_324115888_324115990,324115946,vsSm5UYuA8hG2KzE71xjK4ozAfrEft16dkLKbMxcrXbah2A5eke541kyYpHhFMci1eEejUH9TRwZe7yWkBAcF7k,SOL,0.0013298750000035465,SOL,2,1
arb_324115888_324115990,324115946,oCGedoM2rZJ89RFHFw2nmUYSS4PW4tkmNH7SxPLv8A1R6chbp6b5iZrnEWoYnEvxYYcHmr52fpNMVALe3BcTk7Y,SOL,0.002339986999999446,SOL,2,1
arb_324115888_324115990,324115946,2iQf95THccpTC5FgrB83RrH8z6uak4ZPTC5kWGX1LiVdRbeqLhh6z2QrwUcARXteYRnjratyA5H2wGypzSasqGqC,SOL,0.0039774969999131935,SOL,3,1
arb_324115888_324115990,324115946,4uxDT5Nii5pZNEpSgFSU1vobn5xYv3744jj2voG1BGpUxH2iu8HBRkqWFHRWSz7217gWPMMXLRGisPHCvDEQPXi2,USDC,1.7983020000028773,USDC,3,1
arb_324115888_324115990,324115946,oL7Hn6R33UzDxXQWwvwuruHMGhES59SkUX2Ne2gCQ7x1Ti5Npo73BLbGFMLhTiZvw3AkYTnGuL1CNGCSG8p33JA,SOL,0.009079930999962897,SOL,3,1
arb_324115888_324115990,324115946,3iUSTxWKX145SES5uCFSEiMhPEHp9EipHciRY4v6Ys6aqMhysWpDV5nYGsVbxBnXFs9NxsatFL1eKGiKPwRnsSnv,SOL,3.4323000000918987e-05,SOL,2,1
arb_324115888_324115990,324115946,2BtdUq2RznPMr7aSK2iM61Tifo7Zn1dzmxnekrTn1jL6Tbc3jyDv7oMGFV1Zo4ydJNiZdJAGVXSEakBYCW99RqBA,SOL,5.413299999961218e-05,SOL,3,1
arb_324115888_324115990,324115946,4LteNkwDNCQCS2V8XKpDAQ4Hfwrx2kaBwcmsjTL3umCzLbZq9FKRLA733LNHf5YdmkU54CSosADaJoAGzQQPeHJb,SOL,4.671100000065304e-05,SOL,3,1
arb_324115888_324115990,324115946,2jDBpuxFkpw5JVSQCmYZVGFq9YRdUDcViqsbPjWP4bs2Wj69aVrRckBSPsWFPE6RARkDUqnBWRfxCsDXwU6xygVc,USDC,0.015050999999999704,USDC,3,1
arb_324115888_324115990,324115946,4vyRV65mg6jYjU8Rb5sBqwXGpaXFCgAiErHZpXW3Y7cSsCqb4uLdMKHD12L9Agim99mLcBvkZpmbTMoH4CD2qeso,SOL,3.9710999998613414e-05,SOL,3,1
arb_324115888_324115990,324115933,4YfKkzmYXSfhx8fKUhrnZJq6LqhX42Q76A9oujSAALXoffzZ9rZWPTvQzguw2VBpbBjZm3mAmnSBBcgWwYLSto2u,SOL,0.0014230590001419589,SOL,3,1
arb_324115888_324115990,324115933,3kTo24mhYXYeHtqQnJWTz2NfYPQ5HEDLjn3MNGEA4DVMdiNyJj75HNcoSo6WoLtVrxKpTZC5Ydi4fE9DfMeG4P2j,USDC,0.22490899999866087,USDC,2,1
arb_324115888_324115990,324115933,xhwErnbZ4vRuZNfT94uekL5rDshVxPa1oxCN7fx63bMxMBcxnYNLpFpJqMbNz61y9HiuujAFgzY289kewq1DAJF,SOL,0.010813253999952553,SOL,2,1
arb_324115888_324115990,324115933,2cQCdShhNFFKxoFosndwnHKjSKeizHssP6Ab5tP1fT4hrGTiTZFLdxPBwdCDbTHfNzMwdjj9TQi8zZYdmJfERK9b,USDT,0.2779820000014297,USDT,2,1
arb_324115888_324115990,324115933,2sPKe7oLKRvEGQguazvoCnX7nMsfU7YZfRLdB5iS4ntTXs6NErqjnUB4xeb6v5BA52hoDyWKMRTXcfUmqaq8upMN,SOL,0.006000008999998387,SOL,3,1
arb_324115888_324115990,324115933,MF6QYLkZFR3y1Tfam2DXF2UqJVJaZpR7mjCF9Zn7E1HGJc2QxU5SCxM4nbcHjZtt5og55Dbo1HnqrB5v7bQ7vJL,SOL,0.0001706489999991607,SOL,3,1
arb_324115888_324115990,324115933,2kreAFPLMxMPXXmFUtvCQcW6yo7cqs4L2YEDdMoRATDd9xqgX8vbDVRtXX8pqrGt2CBVxRDeuTFrHfGci6stkJCy,SOL,0.02199143299989147,SOL,3,1
arb_324115888_324115990,324115933,3kuvKrnhFhRKJ2vFU7FDCMYwm9B1hYLzz5Az4WR3SLCWdkeEedDkbdhXS5LRQ1GzehQQguoMDDYk64PTeSHzHYX9,SOL,9.236200010811444e-05,SOL,2,1
arb_324115888_324115990,324115933,2pYFDvRXgXkqZbbP1SiVuyoJKJYNwcWERCickqE914RSaCgLLy7PFFiGmC5Fe6hii5GfGiSCJDnC3ZCxKMVVyzcJ,SOL,0.00019684499984493013,SOL,2,1
arb_324115888_324115990,324115933,33hCwVXCZ4cwnsZZ54FDeLWsP5vZXKiXAnHSw4RRyrAQE2A3GdMmh4qPmNxWRQmccUnXnMBABTQLqBE1aBGxufk6,SOL,0.0011504210000025223,SOL,2,1
arb_324115888_324115990,324115933,55uM6oLN9KenPHHZhhgrGnH1UwbXSreMS3vsBNFPfbENrbq1kLWdrfzpw3Pc2wmh16fXLaByo5foUEhzzmSAdesi,SOL,0.00031573599999447155,SOL,2,1
arb_324115888_324115990,324115933,5kBs8M1m7oGWfMHnd38QLi9XVxXLLmzwfVnX541fhAwGjxn1n3bDZ8YgP1zAQcf1VP1Qdf869idnL7KZV12Ykx5W,SOL,0.009437491000001887,SOL,2,1
arb_324115888_324115990,324115933,3f1EL9NZo5a4V6Xm2rvGTG8hVC1Hq3b8wWS6uQk9CJdnfnAaSpMREoPhvgDfX4rEH2A4Zzx18auXGVBWRRmxBZcN,SOL,0.024936493999998983,SOL,2,1
arb_324115888_324115990,324115933,2WiyLfFadjGan8cmjSKZFr4MNNgaarK4VPAKrMq6SKAbYjXpbNpEnTLSPD3pAhFChuGsnX2QJNkqzReoPNAmPjEa,SOL,0.003119461999997693,SOL,2,1
arb_324115888_324115990,324115933,ueYVv22LqgrxqZ9nStGrFkBR8PWi2kkyywzs7KzSRjAKvdZ7KZDgrcC3nnygJaEow8wQMfqGCjUAEJNXkqPXJ8x,SOL,0.0012083299999992776,SOL,2,1
arb_324115888_324115990,324115933,2RJcmdGNUY8gcXA6FtrtaWtRyxUi9afxXayCn8s76oUZnsCg3Mh83UcEvNAkeZL9jUgtW77V5AfWfLHyru4vge9u,SOL,7.54740000011496e-05,SOL,2,1
arb_324115888_324115990,324115933,4ChgstgE4wKo6bcF2q6LTiJ11ZhXGVqeTfiNStiMT7Y8j7opu6AzRtA3DioFYGEWNoxqvdGavvrhBuQ3Hhi2uU2s,SOL,9.146799993656939e-05,SOL,3,1
arb_324115888_324115990,324115933,4vckP7oajcwfBVathTiX2EmiFw7oFciAeHE8snsdqij2j98RimjkvcrJu1PXZ2amfW7MY6VvtcuFovmQGB2qkkae,SOL,5.2873000072097486e-05,SOL,2,1
arb_324115888_324115990,324115933,kgwoDYg1kqis37yHzJyxtbtLbg1J1sgMNhdzomVGohMCqF4m8NkEjYfDyXMMS3FNCdoLKchXoquFYSQSrn4vFHK,SOL,0.00032312800000141076,SOL,2,1
arb_324115888_324115990,324115933,5BN5rcn9nQg3U7TNR417PRx8MpEUfBgmtMhTmw3HPtqm142siNUF8hc35PE1SyLMtxPFyMJnj7AYJaz3Z9zm9xS3,SOL,0.00026188699999988977,SOL,3,1
arb_324115888_324115990,324115933,61d4aHx12Uj9VDahpLCV6XB4gDoFv5nqUwKomEfSWv9XhGwvhyQh7hTTFai9AY48YQiXp2Wk7cJYgrcs6uZf2VPE,SOL,2.3062000001286742e-05,SOL,4,1
arb_324115888_324115990,324115933,3SSCn2sJXKEDdgk7C8x7BHqyXRG67vBjXT8673Z8GikfPPvh2E3Dthqr9wuwpQL1GAvaYgAyajuJ1s98GByspbfs,SOL,0.008945518999998866,SOL,2,1
arb_324115888_324115990,324115933,ZtM7Rwt3fb9DkEDTgdHqUpZYBv7ZjV1ZK6VeqkQULy43GS6biSb575YcmcakDNqUrwrdkom8njhHHuys6HUezL4,SOL,0.01690417200000031,SOL,3,1
arb_324115888_324115990,324115947,2oTGwihGm9Nw6KgHHCwGt5ecb8HGs5CdZtNNqq48ScoTUhevnsSxtYe3JuXg9sNGRLoGimkWK18gHHhsn4X34ssT,USDT,0.0690519999989192,USDT,2,1
arb_324115888_324115990,324115947,41ng386soERqiuLpjctktBR7sRUqLqmHA9ysu6fEwTPFCG2fobVvMwyXsKtD5sRGy6XZ5DDgkZQgi43ZRUxsyxQV,USDC,0.022954999998546555,USDC,3,1
arb_324115888_324115990,324115947,4ZDSqzKbRHUCQ6ki2hqGN8xd2NsRVUVc5dc6nExXUdwrcu9HC9BAkXNycoet8zpMTAh77hJ4dyhx6J2Z3xhwE8yr,USDC,0.02521300000080373,USDC,3,1
arb_324115888_324115990,324115947,vFW2EzQZaTbPFjezKREnedTjLc4N91F6E1VeEK9nhjWD3cESUWyGB6HDqYiC79RXDDTGLKW28sZqZWEvL7VWvdc,USDC,0.030479999999442953,USDC,3,1
arb_324115888_324115990,324115947,2YXJTenexjQ8A5xGZddSJbwB5T4XJkXYBWtANpKoLcsE4ipQzE8EANj9ZqUBAKrokeEVQ9kvYBbZnw87CNJU2M5Y,USDC,0.023000000001047738,USDC,6,1
arb_324115888_324115990,324115947,4baKaUbTMcdxUygs8D2HkNeuNWKpLqbBHeXgvteKDHyDpfYL16qDwBpxcYzrY8Qz6wkZh8yxhDYQAmAK81xzQL2S,USDC,0.24183000000084576,USDC,2,1
arb_324115888_324115990,324115947,3HAZo6fYu5HB6wJG9noHeGVB5sdG5j6HodGeDtDR7ft4F9tiffFcHdUbJrQzxwfG7hNsvbLGchzfNbfQXxkTorau,USDC,0.4160959999426268,USDC,2,1
arb_324115888_324115990,324115947,5tpNWqkhzHygLnbrH7cAKJHwKivH2fCr3jqcu4hjUex6VvEsDaxi7ZfVpengYAhMe2MtNEyhQDVPMs3wmqZKPPZS,SOL,0.00043309499997755104,SOL,4,1
arb_324115888_324115990,324115947,2FEvFxGUsf2TRuAUtVjV5nnN4QdKbyZZXtWiPrmxpEpb6QG2fqc5c2o8Bh6yJhbZZ1PYbMaL8X4vL9mUcbvZ81Hj,USDC,0.3861300000000938,USDC,4,1
arb_324115888_324115990,324115947,3MHTo5aQud9y2EvWTfJb5pjdrs9TLbyUkpuSqwxav2qb9qxqr5bE12D1KGn3j1SHLxuTvzRgTLUq2cYtj5AnHdv6,SOL,0.0010485989999822398,SOL,3,1
arb_324115888_324115990,324115947,58jM4R7Fz2gXenN9Bt8LmJEfKtTUNJzqajE72rVBeVKVcbEGiDZGPMB41Zfv83AzBLgVWdUXdEP6L4yutuuLvPiv,SOL,0.0006385179999958668,SOL,3,1
arb_324115888_324115990,324115947,56RUDnFrcvYSu2fasYCogc5YrpF1DZHiStGSbk292vcyQ8qYEh1nfM78LbowWPmZY9SZpkG6kpeUa9A8M3uwFhXH,SOL,0.0004918950000156754,SOL,3,1
arb_324115888_324115990,324115947,5bsLV7kEUhNaLBAm3q7tACemd7q6kLUzCsPaaHoHZGQvnt6RrVkxsotcg33DzjcvsWrRxoL5UfkkjpAzpsgMdBnm,SOL,0.0002496350000021519,SOL,3,1
arb_324115888_324115990,324115947,4Gdhw69Kj7RdsCikYBxUWKyaNprWscQ9MeQn4YLTZf9eBWTeKSCyRn7A4zMNj4eSQxbsk3ymBjj5rWTdqCsvMxSj,SOL,0.0004853550002008695,SOL,3,1
arb_324115888_324115990,324115947,2mMtGTcEzYS8TmAxE6tFiA8NZamsRghyoc4xPnZcTFEyVccWSPeqGruZoXjPowUUdPh35bhhQUU96fUwEFgArMCc,USDC,0.019367000000784174,USDC,2,1
arb_324115888_324115990,324115947,1DpZgq3vW2cUVE6c3wYkDY4JyXcx1wpCUdVGehy8XW2x22FtKCSEpsdKTYoxGCWo9u466hMb2rxYH6w6wFsadTE,SOL,0.00013230099999919618,SOL,2,1
arb_324115888_324115990,324115947,hN4HzJ4Pn6YBiU5LigxmXVinaDZuu2yb1s6uKZWtwTfnwTNFEMTP9gW4nemGYAhP9a1FLBievRZWPQVSCMDP7nL,SOL,0.0001950559999993754,SOL,3,1
arb_324115888_324115990,324115947,jTeqYTSy9PXZ1LVWRaeqGxLwi7vW6drug47pnishzsuadM4oo7YNcGa4tBKApjR5RFdr8u2cyMvWxLyJkA4S8A8,SOL,1.3332000002263205e-05,SOL,4,1
arb_324115888_324115990,324115948,5yLjmtLveY7MBX18RY2TqFdd7XgfZjapws2vwQstXE7tgXnXGKocWbkTvuApjHpLnrC4Mo1hqH1Z1FUYjGKmnKy2,SOL,0.0016041439998239512,SOL,2,1
arb_324115888_324115990,324115953,418k46pH2We8xTCfBa3ExqBZZ4K7sweAshqcdsv5Drf9eMsxCJbtK94zE66qPdcucju7Cy2bNtWM4W6UZS9V5f5n,USDC,5.599618999985978,USDC,2,2
arb_324115888_324115990,324115953,VqWYPN8T7ajj5YZP9dDPvp6u9afxLVBaVRFoBo1KygFQ3RipJEWArisfTtaJDn5YXXq4hSqwKjfdhsaURtCENqS,SOL,0.0006784660000519714,SOL,3,1
arb_324115888_324115990,324115953,4q2wsLzAKWJAQhMiT9YQ5P4uN3fmP7zGrENL3YGTFzKLghT6XoCbWs2PHhMnv2fCzd73BYyxjS9cqj8Q6X1Rhfz5,SOL,0.0002748000004986534,SOL,3,1
arb_324115888_324115990,324115953,2GP1sWviCo6wHgYhdDKhqegpzD1mrYw6tAruc2mWPUxA1BtxYWUsbkR3FEnLBn2PHf9HzMZbF9WZ95eciXd6CE2,SOL,0.0004010330000019771,SOL,3,1
arb_324115888_324115990,324115953,3hzf52ruvFi7eQqn5ZDN98Z9C5JiEwuXRmcuM5UwNqVALaiZCBQSm9Np4uTogpNvY6CjPZPixV14bGfC9sqnUR5r,SOL,0.0011268200000083112,SOL,3,1
arb_324115888_324115990,324115953,27kFSzHswsFoYTDPJ6penVD29o4r1ZJKqkgmj52xggk2mJ8rT55dJD4xUVhLroV28iB6MYQQgGUfETy6feW7Gfep,SOL,0.0002754490000257477,SOL,3,1
arb_324115888_324115990,324115953,3v6JjAkN6HUT54gZnLMzggfqriH9QPbHUJcbBh4mzzRwm54jJ7UJt1qEMousYzBor2gcj6a7599ixe7oY16mCSe7,SOL,0.026176392999942174,SOL,2,1
arb_324115888_324115990,324115953,bmgETvYPubo4shXyD3xhiXnyUKq4eaUhbfgcbk8iHy4Gy5mKTGp24fRwMKVQLPMkXZKDcpWhQWG3FJvixZXokan,SOL,0.00017215599999384306,SOL,3,1
arb_324115888_324115990,324115953,4y5CtpP4536Y3AE9dPPfHZRqwK2UWqTrKqhVBCqPU37QSCSTDWxPE3FynLWME7iio3XJvdFpWUJZvtAguXkrnJ1f,SOL,2.1899999999906762e-05,SOL,2,1
arb_324115888_324115990,324115953,5mv7153dKZewsp5cACWSbzwhZa4yCjJWasV6QPPmF6xnAHTUyLW9ycTaGdS8g6cRtj9V7W3gwoAaFAFS2tQwZpia,SOL,0.00022184599999782513,SOL,3,1
arb_324115888_324115990,324115953,5Xa9WAkaYN5xpGiny7CguzSHZzq7auJLhFDpXG1U9DeSNvigfPSsmDsMnDoVaxJ2Fzqw5MbrJse4HnBdVPZBKQuL,SOL,1.1797000000349366e-05,SOL,2,1
arb_324115888_324115990,324115953,2fYG2XcSVJ5Rn37dSC9XAzGBHcqHSMBVD44swpptGt1doMy6MFqfmjFtE8PXz9MqiYtMBW8fwJ14xEzqNUzcrU7m,SOL,0.000157318999987007,SOL,3,1
arb_324115888_324115990,324115953,2ZaHtAVnWKkMT4ezsSMRYxsQCNQ5mXp4RUgEmqWDpP8rdBfLB2GnDDWVFZ4dCc9EbfMKiGgcpAfpVK8j5SyR7e1f,SOL,0.00018328100000045684,SOL,3,1
arb_324115888_324115990,324115953,7uxQo9yhj6u8aN18aMeN5h3DdenSSPD5Wj3jCGNJR65sHoywkL1zgd4PFCunizoDaXRADoVxXEACCdLc9uwiJgD,SOL,0.00019753000000066878,SOL,2,1
arb_324115888_324115990,324115953,4RdjMxwi3mML8qtAeUT2CBaMDrEWtk2feBtBjHF1NCx6zkJFV3HPzrhPVrZZwqu7QcfD78deX2vKy7Y2ATSKhrhM,SOL,0.0002402710000022972,SOL,3,1
arb_324115888_324115990,324115953,UhgVCQta6o3Av6Bhs88f2Xm3izY6caEMYmdamFFTP3jYAPg5iEDSmdLwQ4yXsPHpiLGAtoJTFbSyYKAoCRdnbFH,SOL,9.456400000488478e-05,SOL,3,1
arb_324115888_324115990,324115952,DyezXzPvi6xAmtrcWBR1FMDvn2HmXQkXUkgsY1zifBwwF2BEuHwbya63J6MKECDS1wHner3HKkd8sJ3UtBMrpm5,SOL,0.020519962000011133,SOL,3,1
arb_324115888_324115990,324115952,5rBSjjPSXKW6rm6AdCj7ZuQnXvoYzeCvCpeQMbXJuCN7zRoVe9q8RvgV9nq23C7KQHWUFY5DVzMuZnqU2QnNcsDS,SOL,0.0005852219999593,SOL,3,1
arb_324115888_324115990,324115952,3Jphv6XUACLVawF99h3KhfjxCL8NJgMUcGFhWk9hABLJzGUwasHkFzaWgunN6gcp2MUaDhVa3CvxLXLfWz8UQR6P,SOL,0.011197784999992905,SOL,3,1
arb_324115888_324115990,324115952,4VE7GMDjcrapKYwTRfuCFT2gsrhzguc24rzU4rnNWzcK6qyPYpmQk6reGJys1DvKcHJ1WrHsJEz3gEj4EHD33dxB,SOL,0.0002322320000141256,SOL,2,1
arb_324115888_324115990,324115952,3uEYPXvA78wEiQ5LAGvftUyUvhNTYmyPGZZ3cgsFCYfkKAXGjJpbnri2roJ45np4ebNhbGsaBrnyexuc5qSiTKQJ,USDC,0.059041000000433996,USDC,2,1
arb_324115888_324115990,324115952,52HzVCnnDPnL7QWtxWrUd639rDXzXjUCBf2NMC5x7F7hGdcTJT9aZxHgoJQodRVfehz1t3dVFN3eSFXkStE1JNvC,SOL,0.00016249200005448309,SOL,3,1
arb_324115888_324115990,324115952,2rMjyHoUvCYrYkVBV6KEy3d8ET3G7vpE4QJ8rMZcP35igMb93RYJQ2QVnhZ93wvksY6LV1Kp2S1YWcsi2a5du7W1,SOL,0.00013195400000532603,SOL,4,1
arb_324115888_324115990,324115952,4cCxSnyqKHvcZHvTa8UWJHyZ2Yx7iWDEbEcQ8vE14KBBrFJfctrVufbAzJZabTN7iF3y7gWJvm9p5Td2hp5uQn84,SOL,6.764999999989146e-05,SOL,2,1
arb_324115888_324115990,324115952,5bgx9BAck6PcAgVHHN41HPasYSqSqt4FE6SpdJw2PbQf19Wm7Wa4RvK7iM8sMetgbM6PZXZoCjTLBCn85ohKbTo6,USDC,0.12252600000010716,USDC,3,1
arb_324115888_324115990,324115952,5WRVR255fMUQHBGn6DXyfdi79U7hqAR7hvHoRcHCppQVy36LPMuDuhGLZVLD46HeB14EgPaYyZtLEcZAeTZbYHu8,SOL,8.299000000004276e-05,SOL,3,1
arb_324115888_324115990,324115952,VqBchWkBKDpgh3FUmg7jrqNca2RA3jDAxDfDiM41byKLWp4w9jBWneRsbspYdTSEUZ4BbmTp82zeJuTPmkjQVXw,SOL,0.00014648300002625785,SOL,2,1
arb_324115888_324115990,324115952,5bNV8xjGa1hS5CPfxumPxrexg3TDowKaPs3ubji3o2jG9e8LqDCSbAGTbdYw71NiE64hmt1PjBPbbcDS5MMPSHJZ,SOL,0.00015017099999462718,SOL,2,1
arb_324115888_324115990,324115952,4Am9G6c3AMtMnNkU6AyiSr41AFztKijMqgFxU8ZkgvYK8zN1gGj9ptZW75DsogTETaHfAMBEgGBou9x1MEBzuxcv,SOL,0.0008622270000469563,SOL,3,1
arb_324115888_324115990,324115952,3Kr4Gi1fVLqF3NGMbYRRywrYvghjB5NCyjuMMxadmXTwtdYHo7ayRNrtvg4ykTp3KV5Zwu3gV3HjyyQWADL1Mk6,SOL,8.051399998594794e-05,SOL,4,1
arb_324115888_324115990,324115949,ZUf5EYjXdnoFpCUjmNHUFMfZ7Du5LGfJydkDRvtCUczPWHNFRRPCbeW6ifJ9XCdTeqwsGtwRFu4vsJUuwegiA6g,SOL,3.7082000000548323e-05,SOL,2,1
arb_324115888_324115990,324115949,3rzDpRosaMjDrB2GqSrXDssoYF6zWD3C1XARrsVuoqPt7uaxhEnStydeonyihH6QKRE4dSdTXuBM41owDLk4zSDH,SOL,0.004916427000007825,SOL,3,1
arb_324115888_324115990,324115949,uo5kGCcqAgAcmeJHtE72AjdbuxMHFXBQPa8BX93c8gyuQSoFnKNK2Z4zPLcZJw8pTYtuzqxh7KVSY6ngkUPNYDe,SOL,3.6441000001056574e-05,SOL,3,1
arb_324115888_324115990,324115949,v8LmNduNV2MNhcANKk7cdkvpu9Qa32f2ea2EwePkNFYLhqbXf78rGaNtGm3sGM38SFxakFbT22NbwkKPVhiNGh8,SOL,3.6776999999814687e-05,SOL,3,1
arb_324115888_324115990,324115949,4NbFdGZU4LxfipLE8iHXT8jQPRKNWtkeQnYAUJH37tUgqVNeVtWvxyhctRYpEboENbqTWRSxeKdgRtXBBKSZEZnp,SOL,1.7756000000321948e-05,SOL,2,1
arb_324115888_324115990,324115949,LNmjKAGwHshrw9p9ozNnGog6Hr9soyEG5dERVyV7iQbp9w49oB5x1u8xUcunFqEHxobVsaJFxtBFpytMwJCziW1,SOL,0.0001719879999949809,SOL,3,1
arb_324115888_324115990,324115949,3f7b4UyrJ6nLAaN64peCr2jmoB13nkrxWjXHhx2ErTYJtf3ZQ1CmtBTWuhfN8pGndd9LrWHaDh3di4vNnoBQjKQ7,SOL,0.0005390139999987211,SOL,4,1
arb_324115888_324115990,324115949,4ARyFvh4KkRCTeSisf68uUDLGK6UKKwCq86fip51e6vUNc5YmbgSGrGBdqfWLiZXpDq1WRm8mtFTLDNVntn6q3xR,SOL,0.00014209099997999452,SOL,3,1
arb_324115888_324115990,324115949,4GkDV9n14oWhNY2xBYX45FMJKeRDifaf2xuFyTQ7L8N2DFVyfkfP1z2QfEtupGpnoaPHTd58GGVktgHfGY7z5Nub,USDC,0.058373000007122755,USDC,2,1
arb_324115888_324115990,324115949,3R9pfabS1X9y8JVaxmyKRxpf3KzvTbw877ikseEi71jbJfCMSinPxLYxUmLRBRN1YD99epWfXD56MrRTK3YesidT,SOL,6.0890999998826226e-05,SOL,3,1
arb_324115888_324115990,324115949,3bAhzq9c2T7MEETXH8hMvBn7qBaD1Gjhz1NMQ2JuCzHq2m9n9rN2jty7WuJcPdrq74qMxp5m9adPZzeqr7HHoo2i,SOL,0.0009318339999982518,SOL,3,1
arb_324115888_324115990,324115949,yAwPSboHuveuRB7PCCVpzrjAXe3AF7nbyyeQF6Hh4Z3StHdwqZsDhkmk8UfYcLFeAsx1PuzpngPNSFdhQRbnFhW,USDC,0.06890400000000341,USDC,6,1
arb_324115888_324115990,324115949,35Hfx2ro9kgXpCFi526zzkTPP7NwPi5MDa8KFy2oKCF5auprwYHZPAvvhBshFLd3h9RexG4JpAp6wwaDTWB5EYq6,SOL,0.0005388960000008597,SOL,4,1
arb_324115888_324115990,324115949,35Hfx2ro9kgXpCFi526zzkTPP7NwPi5MDa8KFy2oKCF5auprwYHZPAvvhBshFLd3h9RexG4JpAp6wwaDTWB5EYq6,USDC,0.005129999999999857,USDC,4,1
arb_324115888_324115990,324115949,2TYGpbp4pWcHAnhAHQFop1bndd36XUJ3DX29JVHS7wePqtsY5Jk9i4R4VgW5wfqqzfN9SfDudjd53rX7cfH3jyLq,SOL,0.00023772700000504452,SOL,3,1
arb_324115888_324115990,324115949,Uik5padYff8bwmag9VFGHEi2nKuevTuD4B31FFomj9f9fhiL7Fs4a1dzSQkfd5Z14Jsci2P4VBrowpRiPS7LVmg,USDC,0.04421599999841419,USDC,3,1
arb_324115888_324115990,324115949,4qGwR3jTThHAntjfURpWqMBvgaWVBE57nVMTUd9VsUEMi7h1jLKqifcGP6XSBPp1k5GxBw5nVVop2jSCuyiGbnbg,USDC,0.009701999999990107,USDC,3,1
arb_324115888_324115990,324115949,5CComUkLhrNeRgEaK2tCJ6TBi8dA7uYqbmFwts3hb5TpRPzqoGZ9dYovcVdtNX4xnw6fpfyT9HvC274yBTBqKYAP,SOL,4.675500000914096e-05,SOL,3,1
arb_324115888_324115990,324115949,5DtWQiTeDRHiDC3253bFBepALQ324H7jqJUwZWS3BNkRsqE7E1hiJ8HsorP7ASTR9XRW9kxKBpEm5B9uV8fFuf1i,SOL,7.095300000248347e-05,SOL,3,1
arb_324115888_324115990,324115949,4AFMne7a5JQ3a49ca3DJFwsJKALJUWSc44E96UgoLTbQBEVHNDRvn7iq46qXpZpHdVYXFVVXLEBStkNUNPRa6x7J,SOL,6.27369999926278e-05,SOL,5,1
arb_324115888_324115990,324115949,2zomRGTV8P5NqfFbVoH2HbxpggqS5j6TmLQmqgauq9YGTQSHdc32GxDTJFVGg2ZV4516sBFMQivqCZc3pznbdBzU,SOL,0.00012796200000135156,SOL,3,1
arb_324115888_324115990,324115949,5AJoZxbjcwkhLHSNkBf2Gqk4gPxmsNq2MiagcUReC5AcGayUmpSyeCcQLcPbmUYkwFEeHjfokm9Z11qcc3tdNvKX,SOL,0.0003021320000034173,SOL,4,1
arb_324115888_324115990,324115949,5eBY7QDKkM8MF2bPPpG1wRsr3RTCUDk7YsshwkU4wfxsTBjM3pM18c5naKFSSpmzgqbjdQ65DjpAsdNLvia49eY3,SOL,0.00019746599999762867,SOL,4,1
arb_324115888_324115990,324115949,3vyE9AZbGWweuHVYoXDJZ7mbVP5Uf3Q1sL2aCU7yMHeSFp9o7n6eePVFVMLBjRxzPMZJgyciuY4KUURpBqoHUCis,SOL,9.12439999999467e-05,SOL,3,1
arb_324115888_324115990,324115949,5WiLfPAFc5HDG8oK3sADteoheN2iv7gasEB619KW3ePbtdkEKkS7GWYr8tt115Yt4PYuJp4ycYVRAamswYPeRcMC,SOL,0.0005459899999998873,SOL,6,1
arb_324115888_324115990,324115949,yhfTeym32nvtffHTj6PKdufMqZwzjQvuDJb9jDpBTpzC5QmZNjfbFgQ92A52b2b8W6AwbabHHev7gmG5CVBNGWs,SOL,0.00014587200000263652,SOL,4,1
arb_324115888_324115990,324115949,61pTDR5Gjc8nY6sqQUyrbLS8hXWmZrdM2rfXQ1sKDVkY4gv1RVuqpTv2pa4Vd4o9jD8qEXnTtWLKQCQAZ6rZ3zbW,SOL,7.334300000535666e-05,SOL,5,1
arb_324115888_324115990,324115949,4CxWqCqmG8M6jAvu5J5B5hGiTyYKmoaj8v9SRa2Zbw3mDf8Sx7LoAod5M3fXpj53X84vbBdrGJK2vDaRerjskWKE,SOL,0.00021801200000582643,SOL,5,1
arb_324115888_324115990,324115949,3ZjDz8sqmpxU82vDk6zGauK2KYRDe5nhL3H9dU1uEJrgCdWAc2iNGqsDxCC8mGsD9ivQKLpUPzNBTjcom7sccwY6,SOL,9.40629999985307e-05,SOL,4,1
arb_324115888_324115990,324115949,4eWFtwC8PesdAaBdVs4QCMoivkaKcbrHKt9jXLVQH6PvpWEwVft4Fub5Kc2dQ63FApMWpwbBoSN9ZQh8eJFdCHZA,SOL,0.0011799670000021672,SOL,6,1
arb_324115888_324115990,324115949,36YY184efDEv8gAk79CJ6j5sRisuFwFre1s5VcdAxxxggLiyPGHe9aVjDjJP4jAPo3nXQdKVFzSRSJTxMTvek12b,SOL,0.0002565190000351611,SOL,3,1
arb_324115888_324115990,324115949,5vwvTcdUzs9XAV5EYDZYiTT3uyeebAXBz2dHK7rgNp9o2zik1amwM93eWxE39NtniC3rmxA4jfVQprZjwnTLQmen,SOL,2.749700000109408e-05,SOL,4,1
arb_324115888_324115990,324115949,amrRro8EfEeLvYwVg7jvUoDQwMDmTXQJmAT1Z5kYDREDhcAxoWTwK97cFNW1BAcFRKtoL1GiEobR1Cim8YkBwcT,SOL,1.40409999976701e-05,SOL,2,1
arb_324115888_324115990,324115949,2iqosYxdTBa5583STtUbiCjXEUKeWiNS1oQ9T34Y7qb2PsuiBzncoVWedDQRTKr9voyhEbYATUSJg9ETMLK66UKF,SOL,0.00019198500000201484,SOL,3,1
arb_324115888_324115990,324115949,5viWGsWNNRPKWgtm8ruw4Y1qZMTYe3gyUV7CgHExLTGdW54dG2gKj1u8qYyxu55cgVQBJB243cuFq4rDSsisQLJm,SOL,2.2590999996036104e-05,SOL,3,1
arb_324115888_324115990,324115955,3e18rnAMandHk33Vo7haH66atTcUfeXmZCvBVGrXpmS6YGdRzNLYg2ikgDg9MSnCDVyFZg5ZuVbBKq5cHHkTNDP,USDC,0.09463400000095135,USDC,3,1
arb_324115888_324115990,324115955,4gwbHEJyktJqsraYnu1jndgJj81AsCVsRB1nxSHqhbRz6JVrUPatdiPpHDnankHqWw5pAMwP5fXe5oTD7w8nRcfC,SOL,7.665499999989265e-05,SOL,3,1
arb_324115888_324115990,324115955,4yZoE3QPDKGzMh6TedJQEttZgEEg6HpSeWxx3YefP6Q7Sf2hY6X9qxu8QLLpvFZPHt3V2KzU9rUDGTXdjMixU56A,SOL,2.6205000007841368e-05,SOL,4,1
arb_324115888_324115990,324115955,32QocYmzHzf8ujeTe6vCJb2dbULuC9CMGcEmnLq323WCyCu4XmXuJ9VDBr4vtVrWRPisp9C2CPUjySD6d9pHuBYR,SOL,2.0170000000380096e-05,SOL,4,1
arb_324115888_324115990,324115955,4FH26wfMTwvdvyrTzBHtwbZ8D5znkVAtDcYTkiuKLPn6bQUBbpC7mCg6ARAyNnqymVS1iNaeHcxAJBdHT4vZi3GE,SOL,0.0001732449999981265,SOL,5,1
arb_324115888_324115990,324115955,2WJ1cAGScR2bphkBTJDnLruWbc3JHeCQSqzB9p3NgfhHLTW7YrgiFjCggtC7AWTNy7qEHJhj6bvgsn9q6nqJHwzp,SOL,0.00013896000000604859,SOL,4,1
arb_324115888_324115990,324115955,5JS1tC717jVZWAE2vx6qeqRQtGshuLNuqURVheVVxw6qW2B32SJAtyZ68bT2fynxcXHLJNN1pPzKK9vcdWgZLbS6,SOL,3.083100000361455e-05,SOL,3,1
arb_324115888_324115990,324115955,4tcFFHK3rfhL9uzka9WUmwVzvYmNt7Sog8wf5GutkQAnktydrUJCFrXGyVeE7XHD5fRosonNNmvvJkb4dpjsQTje,SOL,0.00012067799999822394,SOL,4,1
arb_324115888_324115990,324115955,4mdwGWsMUpAJ1XiEMa6mHFkhsDBFenr3tCyKnzbHTLshwr7rUkfgnr7uUYZigRFJcRHDBhLGaVzyHBSjzcfnCs32,SOL,9.270100000258455e-05,SOL,4,1
arb_324115888_324115990,324115955,42CfvZZmXJ1M9y3atEYJmDERXG1NPZdvNzV1CMCTH1QQzPePeV4TnsuxWkEVMtNTL7jgQmnUU71tQfojmFGThknD,SOL,0.0002371400000002145,SOL,3,1
arb_324115888_324115990,324115955,9dz3BDqN6XVunAVYR7wSPTspvDL2ASJ8k6GMtE4TMpUNskJ1CdSTeNpSBoy7MAhZjCBPMTCXWEap4dUHb7yaNUE,USDC,0.005974999992758967,USDC,2,1
arb_324115888_324115990,324115955,34fBuTK6ZZToaQBFC1XgM3dsfmSKJiFLe1WXExxkGDtQcXx3G416B3LgJFCe2jChsFSQFQipJfdMWgZSXHnNYxzY,SOL,8.951000000264571e-05,SOL,3,1
arb_324115888_324115990,324115955,7V97cG5UeKJaMbGFwrNDLebBMJ6c418HmV2C8EEpbYgintmyF3zUnNp6jcR4fxwr3bcPDXkJJocixp6y5X7jNwj,SOL,0.000165097999988542,SOL,4,1
arb_324115888_324115990,324115955,4dyzSLdJvsXCa3UVPxtR3J2NMMi6dLgihFHsDN5aESszige7ahdbaGHoYNyMV9bd2exyPoMVkTPuiSNbEyUadu3r,USDC,0.012946999999996933,USDC,3,1
arb_324115888_324115990,324115955,k3evCzT92BNncB3puoo3qi999Tp7vQJhsgPyUhgczeuVJdDXeePciftsZxrtUfjLnYkrnQSfaXDUNbdAERbGqJy,SOL,1.4992000000377053e-05,SOL,2,1
arb_324115888_324115990,324115955,5ogS8i4hAvjrJZs8nq6Xe9fBJcymcGALMwrFuUy74RszeVjYGSD2u3cU6GoWp8GzZsrFd9yN5mSugSKHJHcFjFKf,SOL,0.00019474899999724214,SOL,3,1
arb_324115888_324115990,324115955,3mQWZjf3vNEiiuHXdxUM2TqZT6REeGxxjw2SxNkYddch4ZLZqiCUQxzZuVpLjAfrND1Vz46ybDEpx53b7eHJ4wau,SOL,1.3756000002178015e-05,SOL,4,1
arb_324115888_324115990,324115955,2zW6wUFUUPnzj8pfcL2DJwPUHbkujvZ7s1gHs3yQMHuv5m1VKF5CpuvvkUvAhuyT5zvd28wwp9tVQQnyTWiDHAMb,SOL,0.00018095000000064855,SOL,3,1
arb_324115888_324115990,324115955,MZApAfnraqjLAUHWPvuVBv6dto8P9h83eKqbtw69J2hruzEDvSdKUw6w3xCCzWin6uhfhEpaDm1uyBSVFSPWYCg,SOL,0.00011468599999916361,SOL,4,1
arb_324115888_324115990,324115955,39ytUm2YGxDgc1RdeMTNFjVxyLuzBLKvexaEc38zGrMrj4TjVUyLYz1merc4o6dM54EceQbFShMGjuxFhML4FiqZ,USDC,0.010823000000002025,USDC,3,1
arb_324115888_324115990,324115955,5n18TBdYPFg17cJENMigX3u9ynH1warcaA6kU1EzWx8apuGxj4RKMpSBJ9DbTWy9LAetVbZ4bvEJa6NamqcoAS75,SOL,3.5630999994296404e-05,SOL,3,1
arb_324115888_324115990,324115955,5kJgWuNiUD2HkL7T1g7vMoG8vgNd21nBcCdsQb9EkEenkWuZjbHZ1gFwM16Co3vmJTwGRkWvjrtiH4p3MzDa48NA,SOL,0.00014269100000143006,SOL,2,1
arb_324115888_324115990,324115955,5WX3HdCTa323GJ5rjra2qV5torQr1yz894vFt9TnPKcTtystXKAgJUrVtUgjZrjdC4HA3JRJshPRGFWFqCcd44ZB,SOL,0.00011290800000314383,SOL,4,1
arb_324115888_324115990,324115955,KQ6d77ZHR2fsdDrHqHgC4hwmM5zZaVAqPA9P5iFXL76MfHU1JJnPeH1TNQyBN7eGbpgH8Wsi4RdrSjeM33WHVJv,SOL,5.405900000491362e-05,SOL,3,1
arb_324115888_324115990,324115955,64rPDrx4JTR4RJhpVDyxVVHFDY6nwTiL5u5JNLeLTdK5rSg2c4pPsuzBhEp12uNab76it1mkBGW1wq5XjCPiSV3,SOL,3.145099999953725e-05,SOL,3,1
arb_324115888_324115990,324115955,hnDsi6NsrCdQj2bwmWFjdMGEt3Z9mvDGAofLjysoQWxw73B8wTWpcd1REjhgoned7Pj6eJ5CYAS51LSpr1FkqDw,SOL,2.662199999987406e-05,SOL,3,1
arb_324115888_324115990,324115955,5n4szJsqKc7f1H3rzDD1nGn7tfRfdeD7asnYgrvxbxVDtqvzkgT6UVChAJqrYgJmaMdtYkA36nN9pcDDHJfbjemr,USDC,0.006219999999999004,USDC,3,1
arb_324115888_324115990,324115955,jSng8GTDX6HJtjxcSdW33AGq7ZntRFuxejFDEfzjfpLB8GPrjgiiX6Vqv8pvn5pWmHmBYGgRxdyMCbDFVMTLAWW,USDC,0.004919000000001006,USDC,3,1
arb_324115888_324115990,324115955,41xePTLJguNa75H51zVSsYNXwhYDuD6LqawUjXKFvyyEUu1KNSSHCq6eFv9ttoi2yadDFZYEW66n5JsdXXDQ7L5N,SOL,0.00014089499995597514,SOL,3,1
arb_324115888_324115990,324115955,3YZXef6pZhvsDNfsPJULsuDzjv9mUPsJYwKsYwmTRfKGU5qxV7TArtezfh5RNyTjczxxgZAhz87h4vR3hn1bCbYT,SOL,0.00016332799992338195,SOL,3,1
arb_324115888_324115990,324115951,LZSfMuj57z4eHx2gE1SzXRcu3HgBEKXeu2pd82BCNJLbDjTxM3fft1d25BG5kvHB4y37HZP1ZF3FK5eiDDNVKbT,USDT,0.026511000003665686,USDT,4,1
arb_324115888_324115990,324115951,CCMr32p8KMffA6TKXYVrauXx7LZaqDY5Ksnr8E3CMKX8aYGViyvMUD6vj3Jeh2V1pdstHGfCQ7vzgKtozy3RfW2,SOL,0.0014986049999903945,SOL,3,1
arb_324115888_324115990,324115951,5NakEWf5g2XD9WN72LcWZB78PE1iu72HXoHrnxX1qFccwRvKUb4x8QKBsKuANi6KdtCPEgea7zwuR4RXm2e22U3j,SOL,0.00027942500000030296,SOL,4,1
arb_324115888_324115990,324115951,2Fp6LCYouB43Q2MWPVwcFmT65MVAHDX8kfsp7wa7ZKwYgU2bjB4rxgJ9KEbYugb3YYzcL7RWchzNSvibDjKz6AHD,SOL,0.0004048109999440577,SOL,3,1
arb_324115888_324115990,324115951,5EYihDmYKcPiTjRp84jVasmD8uqHxgQXf8DsFh1sLQ7oqShPHgVQkNuASqCMPtNTvRa8MKgMFcD6sDEfyxs3Lo3C,SOL,0.005899379000007456,SOL,2,1
arb_324115888_324115990,324115951,2mcf36fkUBNJwmXp47NekPKcM5kM2fPb2rqVnWPQRqR4dyNyFXa9duTbHg3LBtF2FFVYTTeApPQVRdoUnnv4eNhk,SOL,0.0005849119999997796,SOL,3,1
arb_324115888_324115990,324115951,4odvt29FstQ8XncAq2GpaBXb482SrYbzXwgrK8puBzvBdnHeHxVGjptkw51SFDH1VR5VMZ7VrpzYDGuTLU3unGr8,SOL,0.00035100199999597316,SOL,2,1
arb_324115888_324115990,324115951,3TiGRh1sTZ59KxMeozXJVP5ssaREnbquFmTDZpTPQuuDKxraV8rfvKXwKANGf8DQm8D9gqQB5GN82M1jBRaWo8VD,SOL,4.063499999921786e-05,SOL,2,1
arb_324115888_324115990,324115951,5L5UDQbDBrzqVKaHxHxUFStyu92zJxB6NwV7d2yttBQatM8w22VZ2EaBDSbn93to5MUwbjScvvKGefYzaY25kcKt,SOL,0.0001826009999965936,SOL,2,1
arb_324115888_324115990,324115951,hYnqiKu2z9mxqF88gd9d5rVWsqjiMr2NxpubTUj1ZFxiwjstJFNFzYXWYpgEoGy6DRN37Vdwjo9UCpgCZmvijsP,SOL,0.000990158000000839,SOL,3,1
arb_324115888_324115990,324115951,CqN61Gv84jrFiT75kWnsAVfBeYTaVM2E9CkZXixXQGo8G3Cy8KZNSAtheY97aGMprBPjKknh6ED6mgbMaDvFB77,SOL,0.00035146800002628775,SOL,4,1
arb_324115888_324115990,324115951,4DJe1KBXErLBerGH7MKdkNq4jxFGFaycb2ud1ApEKu1fYH46Dq9AkPVn1nCqYUdZgfpTn9QFCKgCMZbB8A2ZaRhP,SOL,0.00016104999999980255,SOL,3,1
arb_324115888_324115990,324115951,5TWzw1aNBsHHbm8aP1r8eSvg99amZuXuKYEpGFY2G6ZFFntdvpcdAVUvGuUkCUz56pmZ6z146CbaUU1mK1jSMdEF,SOL,5.203300000026856e-05,SOL,3,1
arb_324115888_324115990,324115951,2VwwpesdmbXnY8QLqn6pJd4jiQQsiw8dvRSkqHY5VX7VDkdMCBforHG3pdyuJ4hFfWzk67S7Tev9T7og2qPP3p3C,SOL,9.9973000000059e-05,SOL,3,1
arb_324115888_324115990,324115951,3yYJEPNvH1Szbn75tWmWz6xtDBqFtfpR7nT6xJ8dhR53MuCJBof2pXJW4YJdcPhe9Q5f1xTcoa4bXi3KtRxF1fXW,SOL,0.00032237200000499006,SOL,3,1
arb_324115888_324115990,324115951,HyE2ZMfTfhmb1ziniEy8yrFT6HCuPi3xMbRMhJ6p8D5DucEVjEEw1kjUUf29e7qVqkZK5PZUZyMmhG18ouKgmYK,SOL,0.00034199600001325124,SOL,3,1
arb_324115888_324115990,324115951,9L7opXAhVeNZ4VksTVkvogzAiqZ86Lo3YZwkgPrG4ofj8prU6gAzH5phDgzTga6xoi7d6ov2M6dfp7bR4bhdX8W,SOL,0.0003226869999812889,SOL,3,1
arb_324115888_324115990,324115951,5ygZvaqDTUwJKfVy2sCXijWVsGeyKtA3x2BbgJhSb4xpuEzpVPgL6f22EkswWh2MeRze1i3jaQKc52PFieRKDrG2,SOL,3.263699999945294e-05,SOL,2,1
arb_324115888_324115990,324115951,URqPFJTa8kk5axn35jV9cqYXNa4vup8Uns2rABD2S9se4V7F9tbAWL3mAWqR17bgdLrUm1ZzQSbJGdfHURfY7w2,SOL,0.11935271199997491,SOL,2,1
arb_324115888_324115990,324115954,3DDG9eVHvoSWrz4W1qvy4gbMv135iUekGYf6K2xpCSGsTkRwthf2Xtu8nLBVc8tXtetR1dgJYtZ3M57LTSi146E4,SOL,2.028000000011554e-05,SOL,2,1
arb_324115888_324115990,324115954,3CGDabeWRqbHAZ5a6wjf5rKVWFXknyLUfAejDExNbkKHfu9feZ7JHhV3eypi4rgszf8beXj8hSNX2iDjF4zeaMwV,SOL,0.00010134899998777608,SOL,3,1
arb_324115888_324115990,324115954,4RxMR5kJUqTPJDguibqkReVQQiV8bfHrg2Yj7LR1t4kXuXPTyUFcMPDfx5V4Go8N298wnmkWHqGJZdjgWEhHRNaV,SOL,0.0031981260000502653,SOL,3,1
arb_324115888_324115990,324115954,WCBrgVwjp1sEzCksC15BNtJecPkJxZQCS8UbWfj8TyxtiQMu13WebEjJ3zpj5upc8iSTWZzbVgAW5FmrRcB6Uio,SOL,6.825900000139421e-05,SOL,3,1
arb_324115888_324115990,324115954,2v1sUJbiTwzh2b6NeLbHJsvTNu9TjPDuzFCHDyiiCW82P7aMqUuua8siRV9Mq7pT4NwU6hGUmqV9wA4o4H5hSXBY,SOL,0.00034633099999487743,SOL,3,1
arb_324115888_324115990,324115954,5SD2Ut1ye4VDoLKNg6k7D9cM28Ad2QHpZ3enoiSr4fDaQyRPFRHB3nGiyhS8pjhhwKMPCccfRfckQ99VCrJbVTeQ,SOL,0.0004940619999990051,SOL,2,1
arb_324115888_324115990,324115954,jDF9KacQpx4Y3b5qbvWTgmq4BByGhgKFRiawyw2xG4HDDvD7pkH5N1XyFLgg8WWEZSVQtjf2oPmMq87MThDemuF,SOL,7.281399999522678e-05,SOL,3,1
arb_324115888_324115990,324115954,2y1hrQhzEvtp4VBJKnGSbeXRPeRRKjiYuxH5vQwD44G2SQzsejauzPthweGTwh8WT5ksfxPYDZnaUAtA5MyheBL8,SOL,0.0016097610000025343,SOL,2,1
arb_324115888_324115990,324115954,37aZjMFg9h38VtuBX4zJ4aueqexZzqCYK6xMX658VaKHCxzREqN4yuV8w52a7iM5CD4kW9WtisKsnN3LHMUiGSyH,SOL,8.024800000357076e-05,SOL,2,1
arb_324115888_324115990,324115954,Mt9iwKKr4jUekccaNSBn37jr7M2UPRFQKqDWkr2peb5bQvxizVQURnabwawqQFzgSCj4c6cvuFDnbjm4drh3pVj,USDC,0.0017279999999573192,USDC,2,1
arb_324115888_324115990,324115954,5hhokc9yDcBvMqnPm5ybuFiNQcZ6qZeTaAgvWiTGDM3PiokvkPuQroYuN4gSGBcBfefCNcCHYhfYKGDZBKJje551,SOL,4.0828999998450063e-05,SOL,2,1
arb_324115888_324115990,324115954,26PiFr64d2JHp5XZCjRUYtk3UQE8z2bWYTbw5znfTjocpkAWFcxZFwu88et7TqZfBZHBM6NhKr661uuUeqswxdKq,SOL,0.0010469189999965322,SOL,2,1
arb_324115888_324115990,324115954,CCffbPPMHDteuPCPCiaWgf5dH6uc9sALZCyNaxgmZwQPi4ALX1E4NSEWwG7BiSY936sJH22MBncq3Cu7B1z9WjW,SOL,0.00046561499999973346,SOL,2,1
arb_324115888_324115990,324115954,67Jb8ATA22oytQxFMhYso7bPeGiiZ6byMXW4FTa2TKnypxR66vptKDgmeSAFoy2PzBXh4DfnAhYSUxo7PHJxCTGw,SOL,0.0003105790000046038,SOL,3,1
arb_324115888_324115990,324115954,3wZEtbppiaicYDYsStNWCM2C5xkoeToSAXeNSdPoNUvNu6Lf1cPPrKEoUjnnQgnrpih3R23UDLyfZuGW7ot4SrMV,SOL,0.00011076700001114085,SOL,3,1
arb_324115888_324115990,324115954,NBS56Dk7krivWT8MwPSzWH1kPDxgxQF5pzeApRQA2kFWimH5jfQEsjv9pwP5k1nP3XAjHCXC88bt4rPEUAab3sq,SOL,0.0001214690000000051,SOL,4,1
arb_324115888_324115990,324115950,5DrTT5xhZKV9DT3tAxdYgUCVW1E7rvXwpGXxsXJkwHdAGeDPjTx2r13TmvX3YYjanHFepjw2Zh3YnwEWfAKcHGyK,SOL,0.0006287309999895539,SOL,4,1
arb_324115888_324115990,324115950,4NQCFcQ3Yuv9dPtf9GKQqGzqo2ZbKn1suUBxfAo1msxH2K2f8fuLeKTGcRTe4Z2dr46vvjWVeMkykRygiJCA34Tv,SOL,0.0005165159999809153,SOL,2,1
arb_324115888_324115990,324115950,4Cymoe6gQ1ZhmhntNz2zgtbHVWSk7jLt5Ezj9EpXN9uTvhX4HCDh9MxtU3qesidbe8CLtRP9Ahha4m4jEMJDQdx4,USDC,0.10334200000215787,USDC,2,1
arb_324115888_324115990,324115950,gSredDzS6SoAH8XQ2cyaqGB9zsdQSLqVXa8gQAAbRqnGicDZNBKNhvVLpsoYXCLejV6xD41PosMv1EnsXYrAvnC,SOL,0.001055298999998123,SOL,3,1
arb_324115888_324115990,324115950,5FBM5SC88GxL98ZFag25JuckyLJKS21XcwuEiz9sftMMHWx97Cyvp8btt1XSqf4VfWif2sgiJ3uVRiuh8DYC2qCH,SOL,0.0013044170000049466,SOL,2,1
arb_324115888_324115990,324115950,2ksnbXcKoAfL33XnwsG3376uE98RSA2x6wMUo7eGXDiqHwwjMFpRr7LMK3rGUhRBi4iPASARX3LJ2n1z5HVFxPqQ,SOL,0.012547499999997344,SOL,2,1
arb_324115888_324115990,324115950,43wohbCwSaig8Y7Mdd7nzrh3o1MW7pYmondG9h6Xw8wqsdmuapDHatmHxq5omBrVqfpCopxvaM4EY9v1QnyNx3PT,SOL,0.012618251999988376,SOL,3,1
arb_324115888_324115990,324115957,YjWYQZVE3fvmZspkQf8hQmFm5T5Dwyd2CRs5eDnomr3rk9WxDaAwhY8KpVZXyTSYdEgfek8LtYadyNr9ig5MaiS,SOL,0.0024563999999735473,SOL,3,1
arb_324115888_324115990,324115957,5oMYTPhP2eVLXuJm4bBJUmWb6dBHpnigxNvivGUrBBFyvjMXjivZ6vD3pmnJCZbHgCcdsD5D2Uj4Jsj1ytRxC4Cq,SOL,0.0075420299999463215,SOL,4,1
arb_324115888_324115990,324115957,2KTQcJg4TQk1fDi1SNApHACpYXpxzfLD4nvFnVBSnvFR6fJMBDyXrsZNaZ1bCYMdnAF9fq6oAAkcGNVKGAtfHifa,USDC,0.07845399999996516,USDC,3,1
arb_324115888_324115990,324115957,4z1ZW8bwzLfZCKHFodvZgyuUQEEAYwDYVEumz1ZLUxWLUTPydrw2HLHPi2jQBywbfMHzsHDnheWVxigjAwjjUR7q,SOL,0.0005031649999984499,SOL,3,1
arb_324115888_324115990,324115957,V2HBomZAH4xAQsPsG2QnnijgAmqgy8qCgGCcvcdRECfHfBgqtyb9m1mc8URRLv7kWLd8vm4YExidiDv1GRzuqpz,USDT,0.04693699999995715,USDT,3,1
arb_324115888_324115990,324115957,7k8AboZ7MRYVPwafeYqMejaBzgjJuTHd11pB9jBAHxCoDEUqNHd2kU1HMDwcovtHtWjVjtcuXAycTeVE5gsisjM,SOL,0.0013788690000055162,SOL,3,1
arb_324115888_324115990,324115957,4JQDRB3qDDQ6AuNTwYhJqHjWNXMwiCjqiE4yiidjfEBeW9tRftk3cwguRUPbaad6nHkoPTHhn1VgR2U6aWz2hCpb,USDC,0.2570299999999861,USDC,2,1
arb_324115888_324115990,324115957,9kXP6GgtTkEvRekKaSNQ3qVvNiCUuDYzv3Ub3Tj3itDRayzcDA5iXUt1gq8shG3PcpeNuP6ZpJp842A5pHZ8RSh,SOL,0.00028745499999927916,SOL,3,1
arb_324115888_324115990,324115957,wi3TAoBumoeTT621nRBYRQAFY6bakrGBKUbxYEzpkGzDZKqw3M66QLPFwSmNr6Sz9TJuz7rRdz4i7vbM96MHfSh,USDC,0.0027050000001054286,USDC,2,1
arb_324115888_324115990,324115957,34UuV26Fr1ZzEDh7f3Z5bFEujXS4peK7ap7WR4ZtPqEuMpLPm6FGqDqnceAtbJxTE5aVGM6uwWKxXBYmiLK6ihF3,SOL,0.0005655339999952994,SOL,3,1
arb_324115888_324115990,324115957,5FBkQ8yspMB1iiuitqcei3oDAN5JsYKTa66W6N2dKU9E9AHbDwbWryiobBqTa33pfoBHjdRRzJSxusRznWekButJ,USDC,0.1228409999998803,USDC,2,1
arb_324115888_324115990,324115957,5wZckf2mrKNF2sYLY8F34hsEGSNJx4Eu2dqfGy8uSeS2xKdZBxUCSRuPRqNxiUcgxDE1oHWwPLBRWweLy5GgRsBn,SOL,6.473799999935206e-05,SOL,2,1
arb_324115888_324115990,324115957,3JjZTPt2cUDivcrB1pfEJ1T8VthN5g3BiJy3CFUUr3aBLzYbHkYSKVXa8C8eBGo8gYsrSisnX4nKYX75ZeR66bkh,SOL,0.00024407899999930017,SOL,3,1
arb_324115888_324115990,324115957,3JNdt6GBeT8kxadUX8efS53NaJDywqyPuFwf7f8KwR9JNupDS1jNbQwNw2qcn38XkQ9no4DSdrEHxZ3gkZkLYFf7,USDC,0.04921699999977136,USDC,3,1
arb_324115888_324115990,324115956,5GMPVToixoGc5pMuMWPyLnsuX1rHeGw2iLDyLUjxsnwFdaRKrpGPqBc2fCWYFsvRFwVStBKovqx7fj6qmGcrykW2,SOL,0.0005929290001132166,SOL,3,1
arb_324115888_324115990,324115956,5uTZuDoKwtGqM6nv4dkKzaUmcqRLCaGZvVfUw7N4zVRj7zdoMKzLih68vx84AF4FbD8UUAXcza4xa4ktPHvGbiXM,SOL,0.008325137000198678,SOL,3,1
arb_324115888_324115990,324115956,3BaQNP5JQFhvX5LZit4KzmQSGEfgAhPCHTXiRNz9awTN5AdXuiUT7iHpfELGwekQn6dVNBLaVJgy6Pc1YZqCD1qH,USDC,0.1208300000289455,USDC,2,1
arb_324115888_324115990,324115959,3Kp2aLEtRHPjTg83E4NwwbdYeMFaYqBZzJgJXvmwvetHHfNjRiZpQrvfVNRoRxiRJtNTd7KGxUbPeRJkJMQtrM7j,SOL,0.00016397400000188293,SOL,2,1
arb_324115888_324115990,324115959,5Q1NPL3S83C7kuMLsfggNHk2r4y9iGqnUBpzmJM7czt9ksNWTn27nnaYP6RHHKy1ouTHaXF8NstXeB56JUTK9Gqe,SOL,0.0001162560000032719,SOL,2,1
arb_324115888_324115990,324115959,2SSTAabNwPNaRUPAMEaami64YaR7Mm2VpTJg7DJwZ3mEtY2RMQ1fpPF2rheyWo1AmcDw8YfXiHxgRdnG9hutvepv,SOL,0.002478635000027199,SOL,3,1
arb_324115888_324115990,324115959,2MbU1aLnhqKr7wc9SgBbydxJBPjmL3wE2TZzmnXfJ9bKRps4HNzSKCGro3cotDs8RyU7kjDBQZUtJGVQX3pNH1do,SOL,0.0009774709999975915,SOL,3,1
arb_324115888_324115990,324115959,4BtRgcfCpSJemxthiqGJN6HHafCidMiwN6sSmfkQ6Lj6gvCaEg67FKXaRAApGNKdMkxx6wnGPjXYezPJvFwZWbXk,SOL,4.0301999999640785e-05,SOL,2,1
arb_324115888_324115990,324115959,KdNcJ7AJvAyNgxdX1Mp6taqU8ZY1Uw9fAWWfg2N6DfEPX2Muv2SFXtEMt397tUqFEB94HGxiUfRsh3yKiVPXuDk,SOL,0.0009427880000023418,SOL,3,1
arb_324115888_324115990,324115959,4mGqrztTC23GodJ9i4KcQ9QesPbdiLaDJ668pCYjSfTrzcdkV65wMVGrMgFRGSVa5E8AHAgrR3zLpuHNcQ9VC3gk,SOL,0.0008819579999992327,SOL,3,1
arb_324115888_324115990,324115959,5M8YrWQp8HdnMvxFcnUD8y6pvH2trEtQzN8FwjZ5qvJVb4GguD4HoyvPvq6JSn9ZFavDyGP5GR1VuiHTbVXJ26e2,SOL,0.00023493700000473217,SOL,4,1
arb_324115888_324115990,324115959,2VXHWkaH7BzKiRCWJLsSg46KXQ1e3zWCz7kYWA1vu2j2NLU1CcQZhVr14nEfb8ftRPRNrmfhM5fcbtKj7ioRbLLw,SOL,2.2036000001717854e-05,SOL,3,1
arb_324115888_324115990,324115959,2EQ4xPeXWde53GCRQkEKN2w8A5TBGEJY77X9HhrnMKyZ8qzfQG5cLSuVQbmnND9T48KPhVwnny6FiDkQcZcGUp9J,SOL,0.00016202699999982875,SOL,3,1
arb_324115888_324115990,324115958,278thcmy22JheUyctBvn4WszhdYxUnNWwqha9LjWvTrdkNTstF5ryNZBg7PtXQEgixpBENt2AubWVLYWt85bFgLo,USDC,0.016627999997581355,USDC,2,1
arb_324115888_324115990,324115958,4Ui9MaqFBqkPFprtCRTAjC242rid8cs2QNt8S1LD92jRoLB8HZiUouWSeu6Qu6Jvb6YX4xWL7pGdv78XVvUSg8B8,SOL,0.00059169499999914,SOL,3,1
arb_324115888_324115990,324115958,3gnXAeTho5oX2QB64y3Y4VTF4FmiyZDiRAvsXo3NE8wbBjn6wUMhJrPn164pm6TewLnR549Pr92t2vDYDNQxNPxi,SOL,0.0003352779999976542,SOL,3,1
arb_324115888_324115990,324115958,329pbLy7ZcbmKADJQnBsSoFMn38eDYwGfmFqRgVqTM86qNjsY5ZwNS1WPNVQ7ur4YyRpZC8pbMTyJ3uj14mYw1LQ,SOL,0.00029957300000754103,SOL,3,1
arb_324115888_324115990,324115958,4EKXdq44Sydde6tiPGJqgib8Jfm6KJHoLgjk8hvYtXMGkjAHakNXnuQuvM4FiDumXHA1akuenysQLEYHpJXHQMTv,SOL,0.00030226599999868804,SOL,2,1
arb_324115888_324115990,324115958,3MvbzZHzWC9JQm7LCbngixSKaH3iWp8sSLdnPU4WR5xHhCxoHXCBW5QXFFL9NfSyD7Nsjr94TciFYcVg46uZcj7F,SOL,0.00019071200003657553,SOL,3,1
arb_324115888_324115990,324115958,3WvhdQHxbqtFjGDzFPCRRnGPiYdUdHgPX3h16Lp1rwn12NfizJ22ZDX1k4Zh8paJiPAUJL2Wajka6WJ3jikTvPq4,SOL,0.00036127399977893115,SOL,4,1
arb_324115888_324115990,324115965,4FMnSCPzk2D9pMaoDAdzhiQW8XZwtMxfLCnJC4y948LUMqY6REYYhXnBWE8md6KCijTnmShncND2oEYveMJCeDfd,USDC,0.12939000000187661,USDC,4,1
arb_324115888_324115990,324115965,3ZpfMmbtefD78QTf1B8hXyhM8nUXxCBWPbnPyCUfFEFT1kyR7H8VD9ctnMYwNv6z4CfDX3q6GEnLXxNEjatV9LUT,USDC,0.022025999998732004,USDC,3,1
arb_324115888_324115990,324115965,5uBPmAACLU5ToUKZrYRzXrjyvwuCvX9CVFDvB6pkqH9w3pw46nJnjLHhekujQjFq45k7DPYBLLohrX4HgSS1VK8n,SOL,0.0004280620000447345,SOL,2,1
arb_324115888_324115990,324115965,2RKrrUZZRNMp3KX8huDHfwUXmKG23ZyJEQdZeCQDFTzM9r8gNq8YNyGVHcXHx2WTLPdxdZWu9NSUjWaKAkMjKT1m,SOL,0.00047124400001854913,SOL,3,1
arb_324115888_324115990,324115965,3dBJDSxc2KBKgcTeehxeJmrAnZ8q9JQsoh4zGVrnTPK1GHBivAaZdbw8Bd8YgYe8ftXV1f5MDoHWYwksbPPGZyJZ,SOL,0.00017582999998117766,SOL,3,1
arb_324115888_324115990,324115965,44i4dzRD8WdeWXGXLyciayS7aBQwPwGBTTLZozs8KGAZqikadw5MtXTdxpkRGyn59XMbPpk9bN6xVtt5i6AFPP2D,SOL,0.0002028770000010803,SOL,3,1
arb_324115888_324115990,324115965,3b373c1NGmhcDNbk7FizQo3ToVHdi5YFK6439sakMS5nicmhKYTqSRQFCwtrdKKfo2dL7VgZoLdaizvSKKgduG7,SOL,0.0001077910000185881,SOL,2,1
arb_324115888_324115990,324115965,414XGcVnz9kXNxSVCcy3Gn1xpVCJwtH6qTh74JowoQQU7oZA8aZtdtsKmbUPPmGvyy17yurhjD3sQVJ3p7wcyuqi,USDC,0.11090699999999742,USDC,3,1
arb_324115888_324115990,324115965,4ETyoVSP5V8zYDztDa1HBeFoSv1m26rgvPAh1T8k5vQuncyUzLMN8ndFAsLYh8GxaiUd3gYTQfY1VG3nNGti31Tb,SOL,4.4456000066111514e-05,SOL,3,1
arb_324115888_324115990,324115965,4KKQ63mPwJ2KW1dbhYvHZbyoAUN4QLAitFsenciaTpydTU7szrGSowWYu8t2bg5C751tH3bCosFRRUcgVuZAR7XT,SOL,9.472400000023577e-05,SOL,3,1
arb_324115888_324115990,324115965,2XbhKfnHytLaUDJLxKhysdSi6SQDpt21kaR14vhK9CnxUQfVf5G7B4tJuwaY5fCKiD9SKgfVuViMFkZv8zCn8Ves,USDC,0.005863000000005059,USDC,3,1
arb_324115888_324115990,324115965,5jBQ111LT2yj8tmaLhP7289qnJ77JKofm6EyL2NQiimjJUtwQWUvWD1f7KxxsXkFW2ynnbwKqxWas2s4ZGU12LxY,SOL,0.0005088840000002204,SOL,5,1
arb_324115888_324115990,324115965,uvDgX115qvZRTU4tRJwLEsBj5gYSFvM2VrYJBuipLMySpLXZPNVNLxjEuSDos2mkQvTGWPvXREHoqxT8fHGjCmC,SOL,7.837700000170607e-05,SOL,2,1
arb_324115888_324115990,324115965,43k9cq4hkaMPYtbx7hFP6TLJm4usJAohgbcKtpB9DsZNgjiBEMy652GkH3cKVjybXjKrrPtPbD96TrzhB3W8Rkmo,SOL,1.582300000042042e-05,SOL,2,1
arb_324115888_324115990,324115961,4erB8yeg1FRKehjZvVhTMnkb2AfGHbBDo45CzmmtucXG1hdjLDBPA3ax6ehMGbsHSaQy5YgRWq6UMhDe98zhueSm,SOL,2.7476000001169237e-05,SOL,3,1
arb_324115888_324115990,324115961,ge4PVxfdZxRKszyGtykJqWH4rKdXkAjzaGLEdQ29r74cHh5AMmRUNotkUzojrdjEL46SzbR2mUewcvQC25wVxFb,SOL,2.854299999634824e-05,SOL,4,1
arb_324115888_324115990,324115961,4ar8YfcyT7V8VLgHTKRh3kRk18xdYyAtkA3x1EbtAypkkHP4jewN5FgBPi54oF9h3poCS3JnHsHa2B5K3Ci2vQJt,SOL,3.671300000044119e-05,SOL,2,1
arb_324115888_324115990,324115961,gezUv85UH55oEFDdFnbiv7cXpADC5poskg6qUChXBwAAg25fjSDY8qLHG3onpBqirFVz5uB49utw2ns8egGXo4c,SOL,3.546999999349325e-05,SOL,3,1
arb_324115888_324115990,324115961,4Uq5tKLFP3PZHW29MYBauSwAe6fDBuqnndNDm7oC52GtNsrWTaJDgdZuxGx6JEFUWE75YkoMr6vWYZUnZAYR7qrU,SOL,0.00036871899994373857,SOL,4,1
arb_324115888_324115990,324115961,3fezwXzvW5RJ4FK9Wq3jTwQuiUU4jsezUxQ34gVPk8hHTmuN934RqzyCnvczy62syGP6DYVVFmLMJ7RUqcrEJKjd,SOL,0.0005728390000029419,SOL,3,1
arb_324115888_324115990,324115961,5cnDzzJmgdmveSjK6MUixWTujLfR2pniXBXBTyn46i3jEgSR7TyaG4WPq5N5XAvV1XLHcTvoKZ1oZqNoUJHLjn6P,SOL,0.00126771099999454,SOL,4,1
arb_324115888_324115990,324115961,5kxhYpq1CCeWk6AcEQaad5Jxk3NWfLzCb6pcTBHXLtj3VX5vG3Fmf1Tgi6kPoLrWHXt7j5PmjogAubjAjXjysvsr,SOL,0.0002958889999936004,SOL,3,1
arb_324115888_324115990,324115961,4Ls3bdHQc7YLoRwqjNwRKbSHoV2MCr8bs4dKUTZbMQZpTXE5D8srdNBxvhfsyQogKibZSMfDLPBvYdZBeNQJRXDn,USDC,0.04713100000003578,USDC,3,1
arb_324115888_324115990,324115961,5NEqJxUJ22U6KFL4r9hQiiygrS3XUSUBjSnu2n1pBV5c2g9im2dDiS3k9ri45tcH4nQtmVPCCEK8ARSzogR86Mw6,SOL,0.003732826000343387,SOL,2,1
arb_324115888_324115990,324115961,447GGhUvMundR9LJ7fMmnizXKJkLFHcK1pxvTmELkRvQA4eyQpKPCSju4rc7QLbTqdCJzim1YxJweeNVSDHLxo6a,SOL,0.00019121299965345418,SOL,2,1
arb_324115888_324115990,324115962,4eBRv6CVsHcj7DhRZqk1hH9YwrmoWX36GACDGujJB47FXa1Jen7EzX3styb8FDLsGsnJGzV1jP9rPHPkKRs224cy,USDC,0.03297100000008868,USDC,3,1
arb_324115888_324115990,324115962,54PzB5vxvfTnpcgZH39YK8KakzUAVxVoLksE4ZRBTn3vo6JfdnWkA43XPBPB5UHuEM7CF9T37qhovmKKWoedi5WT,SOL,0.00017722300000157264,SOL,3,1
arb_324115888_324115990,324115962,3puaGeJQiMFD2scXdfwtwofCBxxhTXhU7kKszyAygwFydhk1FM2S7arLzAKuPTxPYg7u4n56tmHhAM12sDJow4tc,SOL,0.00021617700000271117,SOL,4,1
arb_324115888_324115990,324115962,352jRqc59YjVDWEcw8DcqpDXCDdUVmtES76hH134pmEnB9sPjBnirA31csUZYnd65h8coWDwgmJmAAQ75jKq5Czr,USDC,0.04623900000296999,USDC,2,1
arb_324115888_324115990,324115962,2qDatYXHbHvJqXQbrxJ6f2FYJfsUtNcGPxSF5JwJ66hyWXtms8z3KWsaUEs9H4M8PKN3KtENfum9ZXRLbdP8B9mv,SOL,1.2042999843704747e-05,SOL,2,1
arb_324115888_324115990,324115962,2DCZC5XLrBNuZDK4Uie6CJgSQYyeJnrVTUoUFVv3LZ1XjM1atYDkzjW64BRkvZCCUvc5eonRpHxRNG4xNHBxqhtr,SOL,0.00016684499996369177,SOL,3,1
arb_324115888_324115990,324115962,JpsSQNHGvBVS7181ZyWdd5jTWyoTE993a27uQ8ksEqaFmiP4oKZMJ9k7LcqNLcgSrPG91Q9mttCFKvJbUximnAR,SOL,0.0005464790000015698,SOL,4,1
arb_324115888_324115990,324115962,5HKfNEp9Jo5einXdy9FJkQK9YnE5ZJug7Udf1wk6LCNiirMrX2NyxwYVgRgEBuWBQq55tUwhNPMXtGu8T295onzT,SOL,0.00028413899999911565,SOL,2,1
arb_324115888_324115990,324115963,5ec2YKWGt6ZJoHKFYw86kzGzTaUmpPmBzoiANuHs2tmQcm9fMy9qQzZzkz7TotPMgXJ41nYFCTDGmi1h5aKNtsmz,USDC,0.0016760000003159803,USDC,3,1
arb_324115888_324115990,324115963,5NMv36PdiC7WbgCAjBtRVim72A6mebkgAYXiCRuXkGiMtCpPijzghVLT1QY6RMShT2cTb8hJeYH6XhbVykTQiYSh,USDC,0.024275000000216096,USDC,3,1
arb_324115888_324115990,324115963,3K11EgoF2VxpJu6A4CX1tBTyFARYw5EcB73BJrpSJEhMSHB3s9SQ9QZGtdC3sTsqpevhXnP8wMS1Jsq8zeGJ828C,USDC,0.011590000000069267,USDC,3,1
arb_324115888_324115990,324115963,4HjMs5Dq1TetSvqKgHHbkLKX4pXXs9PATvUsFV8V2kBYDLUmwuN92Bof2UkWACpAxTvndRK3Ew9MAYNVEcxZGhQv,USDC,0.01608999999984917,USDC,3,1
arb_324115888_324115990,324115963,5XfL5MbR93jZYJyjKh1Vr7VDLzpof7W3WgurFFBMYUEtWf8r7BSPw6dWzkJZKTMExmH9sutSjbtgqd6s6f7CdMve,SOL,2.2643000001846105e-05,SOL,5,1
arb_324115888_324115990,324115963,2n9AS7mPTWfTtW4zJ5YLUMzQ2fQUgYypTpXQXGyPrpXhRXscyimhpW3UvmwPr6nSQJqQ8tugpZbYL9gD7m2rtFZi,SOL,0.0005625040000016128,SOL,4,1
arb_324115888_324115990,324115963,45y5kmqtsDXYWjnsGVFm2VaEiavcd84QAzgPK9cx7UuqjtizLdndK6g6Mc8bEJi6dH3dzaPgwGzqtoz9vZFcxJ3j,SOL,9.741800009914784e-05,SOL,4,1
arb_324115888_324115990,324115963,5jYrKv691p16KzZAMEQed2oqucPJXwuNvqhbusoLvaL54DCTWtig7h4QquhygcLNLjjhfkw5ZWemqxwULE4VRgo2,USDT,0.0030520000000251457,USDT,3,1
arb_324115888_324115990,324115963,67ekB26j58QJGCknSGVjDtU36LGooHbE2pVDYwqDNXX9URBLeKD25ig2Hf5efCaK5GCrpfH7xDxKSWVzL5Q4C5ar,SOL,1.7599999997802587e-05,SOL,5,1
arb_324115888_324115990,324115963,3wXwsdUFtjumZKbFxxMe7utNoceVSD1iuSKUaA9PFSbwq3Way2AyCvSEqVv3ga2ZnZ8oYsBRb2BPdyou1hrWRxvU,SOL,0.000516600000041218,SOL,2,1
arb_324115888_324115990,324115963,3FkLWPNTNePn5wq8z1njGgL434khTPSoDLQydP51oH5XFDbDX4EH9c4K8dybroZJwF8gpR5r9D96D93C1nvi5ZTU,USDC,0.028265000000828877,USDC,4,1
arb_324115888_324115990,324115963,5tKi71C79Z3qN4SCuX1aAHCrJBUwVH4YsrqUP4gCDVKxEes1gwYJ2jaQQuXgvbdWXgJVYqjeC9ja2C1ZQYfAUywg,SOL,0.000327501999954692,SOL,4,1
arb_324115888_324115990,324115963,5DJXoCNubJJ8HeQKXFyXsf8GcPRGCE3vwgQKsTHkc9wsi9ExCmF2656VSF5ZQCSpLWhCvAskQjy72ubRufJ2d7Fv,USDC,0.03305900000123074,USDC,5,1
arb_324115888_324115990,324115963,5Uy52xnFcbsfLidwyFeEG79qQSV9GsNVrqPeWRX5jQR1zR1Tmdvnzb2hrcGqBQdd1V8aZrcCvYNm3J21sv9gLcR2,SOL,0.00011754299999977504,SOL,3,1
arb_324115888_324115990,324115963,5jZqbVvdomexMZidkneibLDrkf2ToCEh2tTHTTfJthEqQMMDxEfKqkTBQw655SGNtpo5cYg4kvEsQ2AdRKwrKtts,SOL,1.6981999996546458e-05,SOL,2,1
arb_324115888_324115990,324115963,e8J1KU7UQLcDTT4yQd86cqqqcE9k8CpEMGSbGBvCJoBfydq2G8gWLPieEhMCCkUtiaVNfdjkqNLsyKpy3SfWAD2,SOL,1.86980001271672e-05,SOL,4,1
arb_324115888_324115990,324115966,4V4RarP6iYyRVWL8hzRDGYieotarxj91VZ3fZNeTQYj4xTC3asasDkr8Qjdm9EqQvB2iR7hcNFF4rS4MiBroRhU5,SOL,0.0001470320000036964,SOL,2,1
arb_324115888_324115990,324115966,8kLdnfBTh2xAZWYQkEo75K49PMnZpgzHtzm1WhF1r6VnT4vtHyiNn9o4kPF4BpNBZLdJ5kFQEr2gZxJaF53ZRgs,USDC,2.271173999994062,USDC,3,1
arb_324115888_324115990,324115966,58wH46XMJwbJNWZpEZfofG8Ydsrm6nyZa3zBhKYMTuPfJXbQAotCZE6kLWyqkGwQ4ent8T5k4mNkXdp1FknZCUxu,SOL,0.0009003420000137017,SOL,4,1
arb_324115888_324115990,324115966,49wGHLsQj8TXrhB3CrT7asneydrocviCiHRWB8TLfGhBUbsYe7kTK21EgiauAVUoTXWJy7FNC1iPFuLk7dDmGTDM,SOL,0.00011679500000195828,SOL,3,1
arb_324115888_324115990,324115967,3Pk6RGAG2UwEwA1RwTD6WvdvUi6zaVTpo8LKAYFyn4kKVMDwHzZPETbga8XeizeqFuDEuvxDs2nGfS9KfuRpLeuY,SOL,0.000379760000374161,SOL,3,1
arb_324115888_324115990,324115967,4xS7gdtChD7FBWG5guSWxsP8NoCrBQP1xeKTGAYDdvd9jwpw67HYFnj7gZMF24EcKTHvj2B2bU48F9QXbEz4sL3B,SOL,0.00026195499987814296,SOL,4,1
arb_324115888_324115990,324115967,2Kw3TYPXcE93W8LFSnZe8M3pjeHce7RZHoqWzGhWLTuetS1XMzZxze5XPCPPmpdAtKoqk7KwGL9rXZQwKQUi4H64,SOL,0.0015342060000002153,SOL,4,1
arb_324115888_324115990,324115967,3F4FfS1QW4GBdCpTSF5u2TDGzF9svrz6nrHDNVKPqtBUeQQHx3S9VoeK7MXVaLnDSkcpSDAT9vssshHbmQcsL3EG,SOL,0.0007666179999987646,SOL,3,1
arb_324115888_324115990,324115967,66QRmG93Cnota1HjZovb9ST5LBSmurjwFNV6NAVXSLi6FcPvMTn83Lf2pC7hfYBRNyryPNogjgXXRmPNJ5jhzJC2,SOL,0.0002044819999996992,SOL,4,1
arb_324115888_324115990,324115967,2a9nDFs9Pcvac6fgi8SyhQUX7kZmTyVzmvWG4AKdma3gy6u1UFkVwvrncvY2mydn4CViTsb86JS8Wyy4H8HPgGb1,SOL,0.0013352729996946582,SOL,3,1
arb_324115888_324115990,324115967,3mTTscK7Rw7Sxu4WT7WEXQYhfpz3yeuibzdRC6bNbEmCCZZNChsHwicuvS214tBeWRg9EvVzETzSYZQTkpNuFY4v,SOL,0.00025097499999945385,SOL,3,1
arb_324115888_324115990,324115967,5GAnDRj8XjUhe4vwtjgUee9A1Af5LfLtQcWGg9zwhvp1G9gi4jbd7GeZgn3zxtxVqXZqnmtTp9nxbQioDoMgiJ8x,SOL,0.009676858999551561,SOL,2,1
arb_324115888_324115990,324115967,499aZoDg128ZeayYHRtfYn9xo4Q9xJr5eTLMvYnG31zwaWgphmSW5fNSG9WV1wu8rAwF8BpT1um7echubzYC13iY,USDC,0.10310200008098036,USDC,2,1
arb_324115888_324115990,324115964,RtzAAMacfhFy1KsBfitgdF7Hb9MQ41asuGZmbSPAKmfHNSDCsoFdGo35EcqbssVauccWU7izeocVwRdikm2HTTs,USDC,1.6623980000000103,USDC,4,1
arb_324115888_324115990,324115964,2sxwtaoHr7h1rzXWzNsdrQsdXC1hxDnwARYeoLfPEP1xe8664r5WfVaTGB5My2sD5Q3Yaq1Mx6LT1eqvHBBzvmn8,SOL,0.002452086999991403,SOL,2,1
arb_324115888_324115990,324115964,4kngcVE6VB3AoJqcWMWemcxB3sysHtJCb9ACF2rHKKHMkr8GoM2umBPAYZayrJEP4fqvgWTCJapDutRDvFpyCNGN,USDC,8.41948400000183,USDC,3,1
arb_324115888_324115990,324115964,5u7WZKKdpr9Bwprjbu9ijpoNXmFs9Zbtdhu4BgxrjX1cJegFLbXBEzazeeeGALQchD3NUMGYk1eWYYFqDa2doVyL,USDC,0.0017169999991892837,USDC,2,1
arb_324115888_324115990,324115964,29Wrj57LWd2315PZAcqQyy7qmwXSfKWcLKA3TG1y8dKxEn3mhz8XwKX1mCgoPoyaKdvYVEEjgR1KqFwoQ8B7BySC,SOL,0.0007369629999823021,SOL,3,1
arb_324115888_324115990,324115964,3YmmTZ1LGzwXfvfNPSQG8p1nvPZ6YPeo21a2DWynz9sfXEPMZX3GcdAowPA6nwv3WReh3YrRnAxEaTa7rCt82EeW,USDC,0.010558000001765322,USDC,2,1
arb_324115888_324115990,324115964,2jEHzgNvL2E71QRU3iMvhTSw9T9GHb5caA1fXkZv3kedHZUwNqZgcFC38nudmoD6cEBuSthoegSJMRP6cLTtpDFc,SOL,0.00046192999998466834,SOL,3,1
arb_324115888_324115990,324115964,4dziBvuRxGtgW8shTTKZZuA2m9MozSZT48igTQMYJjqWk39b1Zy9zYH98BaLFCtcKUKtGmb1PXBsetbE266rYtqr,SOL,5.500000000000062e-05,SOL,4,3
arb_324115888_324115990,324115964,2qoN2b3CyGyhwSc13EecqFMGGozZjy94geZuoELCbbUhVMCCA4hH92dRjw2YRewxy8jU7CaoYS62oZSXmFMGJx4E,SOL,0.0005312349999955172,SOL,3,1
arb_324115888_324115990,324115964,2hZz1SU5hsNaF6pCY5WsPuw1p8Ci2FqUm1fa5JFtxTaz5VQCWhS3etXT58z1neRFcheQjcMrbaF4qwftVamt62YZ,SOL,0.0005482609999898757,SOL,3,1
arb_324115888_324115990,324115964,5AnFaLqtRP4uKvvdoBM6UyQDb8iU8udXdb6Wn2RCTbNSfksQEtJ5j7ujWHn6tmpsR5Dpwh5B1DcQADaiL2sBCNti,SOL,0.0009092019999925486,SOL,3,1
arb_324115888_324115990,324115968,3DpsD8bfZMo7P7pwwuyjomVHwfY8CthrBU5XBbenqtjWCUpAe5RzLcUKbBgrDKZPmA4ab41Xt9bikGwVx656MHqx,SOL,0.00949694699994013,SOL,2,1
arb_324115888_324115990,324115968,2yFjmmFVnrqFgSHUMJytNodapeRPAmV1chAR6k6B2SqoJ5rsKcvsNAFmg8HN7rrFVSAEzGsVbon4ckArywKmVBtj,SOL,0.009018681000033871,SOL,3,1
arb_324115888_324115990,324115968,22awGtuCdSnqfDjJ4U9EWLzmbKS8EwnkhhW9y5oZ7MeUEbQEqGM5MjCtjFkmQvn1EtM7SF5L4X4ZXn4mQbHL1PpW,USDT,126.80048000000001,USDT,3,1
arb_324115888_324115990,324115968,2ekeFHM21CqmwRAHDoP7vVt8ygZQ72B3mcTJn36XKd2d2dwzYMRfYZ1KE9E9A8WWAxoPJkPLsBGRm5WZoLkJFrB8,SOL,0.0002489280003050312,SOL,2,1
arb_324115888_324115990,324115968,67F9SQF9hqyT7QGMLj2Kur4wceVYUiD1zJgp8GXdNN9ptfA3jfsg7cdV7MANRFCbuNoCWX5tLnEaFLEvfrxPdQ6F,SOL,0.001787785000000413,SOL,3,1
arb_324115888_324115990,324115968,TSdp5Qs4xTWguPWv7pTdJf8HTD6zP3iFAy9pqJk9JNRxZEY2hCfMmTtYDpzpxPm6fkhcT3oFPVRiL2H7Wyq5axH,SOL,0.00040407900000218543,SOL,3,1
arb_324115888_324115990,324115968,2NkFCPpQ7vZL8USuzXKhECM681efHtwbYZQ3qWdo59KP9AVswLQPfNNMcgQEXiaD3urt4qzLVqcAz1DzUYZQKsVh,USDC,2.854215999948792,USDC,2,1
arb_324115888_324115990,324115960,4qd931Txmbf9LM2M1h6XK8jfZTYXRn5TPkqC2we5P6X5keBiA44k6EzYGXxhkmCoemtDXgpf3aXT5Crx56jicTSj,USDC,1.544116999997641,USDC,2,1
arb_324115888_324115990,324115960,49xLsDrdmzqapAGn4s7BZt4toRapgDnvitxqog8vxQWSGaYnQYhmNkYZKTe4k6b3M5YQr1A9vQWix1yTyFpNSC72,USDC,97.26563000000169,USDC,3,1
arb_324115888_324115990,324115960,32nKeXPtDxxgfCKwGjM8XfJPq49WeMzrThCk5QnTtgZYfrNcn5EzMwgdtBi99VJnuAk7pWAgwM5HU3sLBpwjvRAy,SOL,0.00030336700000042384,SOL,3,1
arb_324115888_324115990,324115960,3ZoLkYNqgC3xF7MwCryUdTPnG68VC9oZCxPTMvezNhccXq4XZKEhTJxw261Rw3Ht7qqiqYQLj6KHmFHPeyxdgDPc,SOL,0.0022406219999996585,SOL,3,1
arb_324115888_324115990,324115960,3iaZCZzJBua3SdvhftZTMWC5NaqyvjAzSMxbU9nwFx6fxNJqQHNi8Kx8N8diJs4jJ78fmHSZrn6pW4CvzXwSzEXn,USDC,0.2707970000010391,USDC,3,1
arb_324115888_324115990,324115972,4J4QjYjUeQhvjvFJAPkPNemz7U5YfGfyePFE5gmeU89v9LFB1RGyBAmHCZhuMr6MycRiRV7ghnXr3m5Cn9C7VtWh,SOL,0.0025306769999323387,SOL,3,1
arb_324115888_324115990,324115972,3vjTWzy5FL6n4dsGPr4yJ57rqd8L9GR2C67mtx2Z7BhozbJZQZN5kiUHo6tttfJ3CdBdbm6w1U8mugiAiffKkbMg,USDC,0.015986999999995533,USDC,2,1
arb_324115888_324115990,324115972,4FYf8NCkfCoQzx1nMnSKZK9RGV47ssVPixYwiRa9TEQF5jAt6iw2x3zUrEs997FGQuYYNTvNRe5mdubq9aJnfK9B,USDC,0.011630999999852065,USDC,2,1
arb_324115888_324115990,324115972,5n6C1xfVL8124pGZkA1TLdry8pQp8CLt3rWgFAwTLa24fVVUu8bM2NasDKq9H9VKfbLmLEeE4s2sZ8WsFVivxu6G,SOL,0.001213140999996884,SOL,2,1
arb_324115888_324115990,324115972,3JRQftFgo7Gu3CvL4WZeP5PsqQk94joLDsXWJJvpwisJN19Xw4f3HG8xBEZa7x5Sm6qbCqoE8aWhRfoWWaYxGGTV,SOL,0.0005003609999992117,SOL,2,1
arb_324115888_324115990,324115972,2mMXRXAeP6Ta6y82QNEAM846o1M5YWMFBczjiiGxXG4Sg5BcPeTfxzdmaqcGbnST85CAaF46eVV7X4zPHN3Qwt4,USDC,1.4990109999998822,USDC,3,1
arb_324115888_324115990,324115972,5B6sbVVya7cfFUTfjxX2HRPtAaw18GojQ2s4p6gPsVcKPrj3gcTdtFeNzVmmfit6AaindhMjZdUt5xqfoLnZYucQ,USDC,0.2603610000005574,USDC,3,1
arb_324115888_324115990,324115969,385mc7UPpjrqFM3Agw4L7Yh8aeoqGoVopsuxgLzm5eEP6rAYqUuTCWmP4msanGrTNF7YdH7wNuLTLUvs1hKsbVVH,SOL,0.0012754410000028072,SOL,2,1
arb_324115888_324115990,324115969,46HcB2TCjTKzHiC1mtXGHEnCdHNvvp9w7FNHQDYW6F6Mw2XTyJzaKTAqDSSFauKWXpNoDbXyZdeRz3AaRwZ2M9d9,SOL,0.0017041030000001667,SOL,2,1
arb_324115888_324115990,324115969,eepT3a8fsqZTzz4TiNepKZzXX76SMoLwY5Hy7JxndTvEhq7qt4iaXMFNL5Thb9q8KDf4VZixpP2iDvYQGNfcm3p,SOL,0.0002876930000489748,SOL,3,1
arb_324115888_324115990,324115969,43pQQ2y4myD9PMtju327LD17azx9XuoEJ4mTDiGtzR5SCi2wyqsELXDNmoyMX1sVEHJvZecYfg2EA2L4mPX9FRWe,SOL,0.00017556200000172246,SOL,3,1
arb_324115888_324115990,324115969,3xx8MjzxCjpmmAHo97oME2Ug7HoSFEdihB63MNKLiB124i7J1482NrnNUn1qNzc8gubjjf4iYaiUfp1Dqar8So2W,SOL,0.0007333499999999408,SOL,4,1
arb_324115888_324115990,324115969,MBCkLt1f5WRNdgYnKNmSM4kQrtJuWWSkJcmak6HVDjwKp3xhMZhpRvmunGwju8Yzktie3QbwBHhZwBuXxiACGdM,SOL,0.0003019390000285054,SOL,3,1
arb_324115888_324115990,324115974,4X4dFvjcEY3dC2EQ9u7Esi3B9gJTmyXPJkXTFMswibF5AdL4KVMH6KxW6L58frHpzBahoDfK28kg4788PAHP93XR,SOL,0.0015658390001202704,SOL,3,1
arb_324115888_324115990,324115974,5pPHTSDXBYGFZ4bUMsZhtiSRcJYqhshM6n12bDQTvY8LgGXath6yv6Qn398oRvsgp55CUPxzmbXpUTE57G5YKLs3,USDT,0.16226099999948929,USDT,3,1
arb_324115888_324115990,324115974,35X9eDpRqHwpBd9bBBeQwawT1FddR72cA5MQ6PBvAbpgHnm7vRj7HuBnwk1wBGC6D7JF3e5HvEEo8iARDXvCYMcW,SOL,2.6280000005062898e-05,SOL,5,1
arb_324115888_324115990,324115974,FFPeFQHv1NLbUsJW3QFLfFv2r2yfLq4si4A6LFMLvDzX2iMc8YdcGKKYnm8EVaeYsfYZ9UUkS7Uv4QCDaT9vy9C,SOL,0.00024748899999849983,SOL,2,1
arb_324115888_324115990,324115974,3tgYR3p1BfCRtwMA96DozQTBdM2WP5TUg4ESYdxPegAfa5Hbc6XSbj5VoL7pidpvrSfqZNigPHh7G1qVr7VQUACb,USDC,0.06729800000175601,USDC,3,1
arb_324115888_324115990,324115974,dRteBwSevRCBJ9xbnM4B4aB47WqzzsfLuMwDEfXpGACuS1tTF6HseAgEcSXcRARQqLPdjHF8HdiSKyMTQ3ibbdw,USDT,0.8883550000009564,USDT,4,1
arb_324115888_324115990,324115974,2vxWK89JbA6HS9vxrjghEzUhTLh98Ab4qiAUrQCyVMQTibT1tkqkPGPa96kPXroBt7Ww4gcHkyimybTkC2eoWdS8,USDC,0.021222000000079788,USDC,2,1
arb_324115888_324115990,324115974,a2yQndf9h9i2VVBJBXVwjnQLeZxf5vMFbrVsA7qaN1sX47wEmhGfZL4pXJ7SqSNMef9jLG8R666murj1svENeYF,USDC,7.899999991423101e-05,USDC,2,1
arb_324115888_324115990,324115974,2qzv72NgRfgB8K5afX9ih8UJXBNzSYQGiSzRDWga7Jj4TqQhVpJ4ezqtEYKZvvfUMrLC5WCu3kheJsBNszeZdBfC,USDC,0.25182599999993727,USDC,3,1
arb_324115888_324115990,324115974,49r5DkFUeVpmytJAYNYeSFaoXgSKLFSLFSUabqhPgbVNh5iLqNbYzzS1uwbvnJrYryVWn4Md7LLro32chePzDEpT,USDC,0.0018190000000686268,USDC,2,1
arb_324115888_324115990,324115974,wPbRxcjHQXDedrFQkJCWKTQLFEwE9VmYXaDARxMg7G5YN2hpr9x5mUPxEP519USsnX7vBoumnjYmvJEoZVj12kA,USDC,0.19835800000146264,USDC,3,1
arb_324115888_324115990,324115974,2ppfRGMcBAh4K8Hj5JnEGHSRWWjvKKTLpJEGAr4NESPMuR1BYAx6MHDTZwQMMrwwvd4jTDvp3rqKtY1sL358ys6h,USDC,0.07654399999955785,USDC,3,1
arb_324115888_324115990,324115974,5ZXAtU3DNKn5p4FusjjZh9RraCkoEwNNAUrDfsZppFmKsrSiUmgCzUfYVtJuVcVvrmmLojgmwuH19trbSDbSEdMV,SOL,0.002050118999739753,SOL,5,1
arb_324115888_324115990,324115975,TqDCLKEDWXiPZnXojpAjmyVtXZq5bnKRrNdjC8y6589gpTEkmNwmjkRSCaiDFE6maZzZisbodnJRHVMkJnHaekN,SOL,0.00110198000005461,SOL,2,1
arb_324115888_324115990,324115975,3pJLhDFAUkDyPYjddHm9oWwrSdyqy9f8bpcf3Wy6aWVtE5JT91gE6VoZ3tASPR4mwvp4XjFgV9XoNuYpYPMxcYQF,USDC,0.21024599999873317,USDC,3,1
arb_324115888_324115990,324115975,VZfUFBs7YQcDnfV6JSV2718hfh47zLgdoQuuS5YW9D6dyXyCVUZzrAwTHUQUG6Cx4UnemJHXV5z3NCNcesr189e,USDC,0.18320300000050338,USDC,2,1
arb_324115888_324115990,324115975,5LQKmsMR4qCyhTJcfdeQUbZm8xchaftUc9k1bo6Wqj2V5cRUTLFL5LXjZ9m2t9FwYqNKZS7FKsoXRz5tFGHhtmtE,USDC,0.02168800000004012,USDC,2,1
arb_324115888_324115990,324115975,41rjeyPf6AkNT9X9MCBq6FVBJJ8b6ySkLbaEuKvpWctK2GZM7JSgvRBB5DRkUvJNQX2dSSQYhk8YKuSN3UBkMqZv,USDC,0.33436199999414384,USDC,2,1
arb_324115888_324115990,324115975,2C6BVyTZmuXdMerFfvHwTP74YttcNaWjh4GcNERWGM6wqqnykYguDtVVemuNdZimnWoSxpCVe5fGFYZLPo3tqGGF,SOL,0.005778439000009308,SOL,3,1
arb_324115888_324115990,324115975,VQCuTVwQd5JFpF1KFT6P5wtqKUbSdCSVNVFUANNL4q47XPSowcN7nBNy68iYtKtMbFpU6ugu8ADsDFqgnBwwjL8,SOL,0.00044721300000414866,SOL,3,1
arb_324115888_324115990,324115975,2B6GXq4WgQw841cHVrhEVP872Busa3ZFYXFa3XJTyvLcZk1zhY3hLcrEXDJzw5WfK8ceGEYG4wgcjsBt4kvkxLfL,SOL,0.0009967640000004621,SOL,3,1
arb_324115888_324115990,324115973,46ZEp9qG6t9sPbYS4LDHmJ3qBvz58duGunbFRD535jUTSxTqDtc482Efu3NEuaGi1wGXHvBZbqPitehpd3SSDQvx,SOL,0.0006031450001345004,SOL,4,1
arb_324115888_324115990,324115973,7gwVnp3P59Y1djSsYd6Knx6pT2ipsFQBTedXbY2Lfc6xnEd73v6EZwPE1VfEwqbzBMqVxT6iqSyBYHZq7pvME4v,USDC,1.0011739999972633,USDC,3,1
arb_324115888_324115990,324115973,54povETcoMYTpHWzRSLEzCAAdEm5ucFGMHLiNArb17JMfQx7aD3caBZCTd1i5F3Ci7Zunj7V6DNhbW6qm1BornNi,SOL,0.0002643840000033248,SOL,2,1
arb_324115888_324115990,324115973,5YCsz2PtUjKjVGhdqDhbACc65Ar6sf7AypRHce962KiZf6uNx1Twp7qpR6G4pDonWTRNxHPw86hcYR6rQj6XLQSo,SOL,9.096000000400824e-05,SOL,2,1
arb_324115888_324115990,324115973,3hKYgbhKkS1cAgK7TpEuskybcoEq4NhnUewGxMvkWsEL36eNXhneYQ8tRPsHMKk9DFWsdA8RxUjA1NkWMhBZf5Ub,SOL,0.00015520399998297682,SOL,2,1
arb_324115888_324115990,324115973,QCqpVfW1fiGBywdubBPr54TVFBYgSc1aSc8j3uXh36sV18qk1NespgvkiRXUDjxYhu7LDub4joCJgR6xJwhyXh4,SOL,0.00033815499999932403,SOL,2,1
arb_324115888_324115990,324115971,3JpSW9cNpsifXGxSWZpQffJyek6peYZEEWZoMfWp5NrQJnEGc634cQNdxqhZFBpe27wt6gkeZa6joPXRV8wcnVnh,SOL,8.862600001343908e-05,SOL,3,1
arb_324115888_324115990,324115971,4gRoCRmHdVe3MfRNsJzcb43ioWc1p4qSNwQ5hStKEcqkCqT3mP2njzbeETo5nEUy9Wfu6GZYFKAZAmjKJyk16phr,SOL,0.0007053299999962319,SOL,4,1
arb_324115888_324115990,324115971,jLugL1rMqesGGiC8Lm7hb953JzaXXqd8wNeZX662jtpt2aUPLtYaUmk8RX1UL1SVXaGEDa6hrcJq8pLfSAdnzg7,SOL,0.00025875200000112215,SOL,3,1
arb_324115888_324115990,324115971,2LXdVUYct53bV6RJf4zhfDcvWDyniWFRAAoZZHR1wFT5fQpJUcXAUm8Sr3gwMoaR7Y5ddHZNCChKpmz52WCtDnJk,SOL,0.0001098530000004177,SOL,3,1
arb_324115888_324115990,324115971,5e7VfuZH8bFvqgkzS4CCnnpjiZTGUMF5yLHMjjLKGFnbFRWYB7d1LH2cZUWf5nWku6op7XSFrnKyQK8w13YKnRac,SOL,0.0009979680000011194,SOL,2,1
arb_324115888_324115990,324115971,2jTvPM8WqVjspStMGk6RddV2X2EYqstbW19Y6KTaBPFRH45qJerQhxYGPirmHQDeKaGrw78V1PLeq4nReDhFEdt5,SOL,0.0028134870000000485,SOL,2,1
arb_324115888_324115990,324115971,5quPLiLVuShxEfpytLdkTfVKeajCECP3Bodyxe32r1dkG19voE8eNxtPeRHtKqYVTS3PvjjTEwS2HRCws8ppQqjM,SOL,0.00011162900000139759,SOL,4,1
arb_324115888_324115990,324115971,uC6qGwcB44vJmpGiqipGA9TbBSKRYDhtQUyPy3cRboXKVDzEdKeWX2Xe1UkgodNz6MLZ41M8V9i6hA3aFnVi2WH,SOL,6.648499999999599e-05,SOL,4,1
arb_324115888_324115990,324115971,2iyqPFy2Eh1TCT5QfawiuyJs3p1bHJzvZ4nksK9kAWpFwGB2oByz8xCLFqCauJwsWZqRGVzB5Hp9qABnkVt6CWCL,SOL,5.419799999928112e-05,SOL,3,1
arb_324115888_324115990,324115971,3d7QuVj7jA1B3U2uuBBXwRFFaA4fTh9Mvzv1Uontq3bjyze1AGKqchAJxE4d9fuURtjutnHFFcUdFU4iYwEwgcBy,SOL,0.00010307900000224138,SOL,3,1
arb_324115888_324115990,324115970,5wbSUNjp6yS5MQ7XcTc2fwnYQ1Bf9a7rrsAhhYfATTL4Ln8HhcEU9VTLUmxBLy7qgSnyHPUTerUxJdpR7gHwj63w,USDC,0.02859099999841419,USDC,3,1
arb_324115888_324115990,324115970,4MFBLo9Qkfkrr6LAd7sKSRo6peZPQoZkzJByZmgBoN8iockmSdHzhQX1q1mL8egyxABkWc4ZG7tYsrcnPVvqzj1U,USDC,0.04561699999976554,USDC,4,1
arb_324115888_324115990,324115970,3Pfr8EduWCWDGEpNMsBnHQUFZ344kQ717cknThH9WUegmfbvVuyZjLQJFHarczYDasT8pZdaAJEKQMFiHbZ3VoME,SOL,0.000964588999999065,SOL,3,1
arb_324115888_324115990,324115970,2RAxj3bQNLuu13AkLDPRy2wC16kXMjFgMFPhJWDzUBXJmZvhZkj8EVUWQghM9stbj8pPL5VoPKnwTxfVExEDZ4Bz,SOL,5.8687000000036174e-05,SOL,3,1
arb_324115888_324115990,324115970,TDGn1G4gGcBeWLxxdRokJhsnseUxaw8aeMuis6WV1t25xUGDEiyahL5h5oL6HsW7WctkUBoiskvBMBvMLbooVJs,SOL,1.3852999999635387e-05,SOL,4,1
arb_324115888_324115990,324115970,3pCuAiKxfRJRUCKqMug4kNwEjikp2A5rzjMsZbRkSkYwAETzfE2hf9sxCbKMqrKjTFpGKPpkXoXahiZaZEBs9PA1,SOL,0.00012827399999946657,SOL,2,1
arb_324115888_324115990,324115970,5J7CA8VbaRnHb2A28DMxEUShEhExJiGpVw3JvC9fZTxKJaQEfbcqwVi3Smf5SiWg7HUxYt28Z8JGNVRMh7LN8vpf,USDT,0.13040300000102434,USDT,4,1
arb_324115888_324115990,324115970,4qmh9VuEFtZECdmrkXvHoWRfoaSiS23kT4SDZhFGzxR6MieZtsMzH2fVNX1ktn8UVfoQhP7hRf5qT87ukaMg5jSc,SOL,0.003627935999998737,SOL,2,1
arb_324115888_324115990,324115970,5APW61Br1WhxJcoa3cwQo9Nnjwt9zGBxAXLkh5Uo7FdWjfWYQ1xugSwVYaHY7C146BaN8T4QuzYNWyinUXxdiWDr,SOL,0.000497718000000529,SOL,3,1
arb_324115888_324115990,324115970,2NxBgiQaAMELx1jjDBAFjpg7YouAWS8zrH9DXVdghgzntBEtwYxdg7HBrNMxhpYNeK4YvycbtosiZdVwFTtU7QyU,USDC,0.10461399999985588,USDC,3,1
arb_324115888_324115990,324115970,6vxnnFTmCE6NFhoLygVsqa7BXFPednkts5d8ZJWvhjoyB9gkGmTnyJ6hsT7xYj3zk6VTLrSA3DTCjWneUFQ2Y5n,SOL,0.005928347000053585,SOL,3,1
arb_324115888_324115990,324115970,2LfxW67NPF4K7si8GUtPCLzy7nsGA7u5z3m4vecPfCEuxGh79USGTakMsqTBTBEEAvVq8KGZhcCr5dmr5cxQvjhy,SOL,0.0006738530000048173,SOL,2,1
arb_324115888_324115990,324115970,2KcpQc6RSGoiiiWEkBtP2Bhw6wnXbE18fR5V59h2ron8i9aJzTtJ7oi3QniYMnaQti6V7kEkmbG73ExUEvbcM6Jg,SOL,0.000311548999999859,SOL,2,1
arb_324115888_324115990,324115981,3emhaada6WDSGFmfmVAVUKmvvW3gxax5EKmsRK8LVLiwp6UGpKHBAAFk6HKGvtLxrSVvoexxYieiyS1NZJCJuTh8,SOL,0.00016306699999430417,SOL,2,1
arb_324115888_324115990,324115981,3qKAmK1SyekC56BkKj9LZ4p8mFz3wabae4BjZ7tnPgTveoQzzFULnx4FyTDySN6QzLMM7cvmK8viFyNTTpjdqwtd,USDC,0.04752999999982421,USDC,3,1
arb_324115888_324115990,324115981,oMVpwvS9rrs5h8EfsocVGtz5w4uM9GhPv4WgF4rCMyC4CQCwMERg4kwiJKEwMV6vSGC2a7Lg5th4GFFRfunx9Ve,SOL,0.0007437809999996445,SOL,4,1
arb_324115888_324115990,324115981,2zF6Picpxr9KDSwGNy8hTScKwL5gUsTiFzZT3CJnXvomiWiJ3q9qLfo5nhZ59JiMbygh1y9ZhWp6YfPY8mv6GF8v,USDC,0.05000199999999211,USDC,3,1
arb_324115888_324115990,324115981,jeJyHENmqvxgHp986sPuRB8HJ3AC2zSXMbZ5QJdgJKSX35BrC1ichu2yKNWBdnAbAVMMKBbFrU6NnnSfDZefs8o,SOL,3.107899999942678e-05,SOL,2,1
arb_324115888_324115990,324115981,4cp6hr6z7ELj3reFMhzupA4jS9K5uwZ9RLV1mwCQczAo9sUMJW8UambwWgfmHpZcnjMQEMDAj9Wb6afqrGD6YZ3q,USDC,0.045540999999502674,USDC,2,1
arb_324115888_324115990,324115981,43SVnafKaFySmDPDebt4S9Y3zYdfmSs3C4tgAT6A2bUvad3EuDZE2xYpvg6YN7hZ7YMDikp6RbbMCdKqQNfpHgoo,USDT,0.023439000000000654,USDT,3,1
arb_324115888_324115990,324115981,4w9tBwkDscGfiiBsmH21aCBhh3uoaCZtx3UHonER359C4MDPaL1hfvpepMhR4qneoZmW1KBqKtZtBbq2uhuR7rUK,SOL,0.003139022000000036,SOL,2,1
arb_324115888_324115990,324115981,3E4tmmuFkNGGeJY6giiBcye3o9muzacrVqHa8mrV9dxWCE23usRMe7KGBhQSb52GVKYfq1hAHbhoR6Fo7UBXMh2r,USDC,0.01248400000622496,USDC,2,1
arb_324115888_324115990,324115981,2ub6CHgDYgBm9U3GgQ5w3M1UPCop9j3mSu3qnShVNgtC4VHphot3sNRZhmNcwuDyNszTaM6w6gnpYNP5NgpZhvfL,USDC,0.026215999999999795,USDC,4,1
arb_324115888_324115990,324115981,3EzEbifoyxpAbqAbJ2hDGVzqaMB5LMFgXAxgvHYoZgAMSYQcUwaqNZdkDcvNBJYAvBTAAt8ViFZJecrGaB1eBPzd,SOL,0.00018063999999841273,SOL,3,1
arb_324115888_324115990,324115981,4nAVFTpv3U9y24fnyfURs6bMgrfVLoCYtpL6capvxEDGhP7wgvoNuDmXwg9vT2TMNc9BysjrubzK7XvuZDhFtUZZ,USDC,0.012548000000009552,USDC,3,1
arb_324115888_324115990,324115981,5zL18XA4o1aJAcxQoYQp4x9xAWneG1ia2UFESg9N7UVNmvyEH5MQjRLNBL8YqMWiE8Q6BLvehMULHojC9iqoDEPy,USDC,0.03475099999923259,USDC,3,1
arb_324115888_324115990,324115981,2QLXkZR7aaD8L5LhC4NN5sHkgYfWhoHKu6c8N6Uo6VxTV4VDcyadeg5GYVM9TZbqCAx6Wk9XbeUAWRx4dmEDymKc,USDC,0.10752800000045681,USDC,3,1
arb_324115888_324115990,324115981,3H7CLzr42PTPnCwrfCLgGska2ynEKpEYdY4hbaL9gPuv9qaWBqwgJNS8V3re68upNNtpgs3rMj3X6aq6TrHcEkLx,SOL,5.1107999997216e-05,SOL,4,1
arb_324115888_324115990,324115981,5RkyyCpT8FwbRYBHPkK8cMgrxKd9ba7c63JFdAHvyHgNBmteQ256sckeHGyBNvoqCJZq5i9tuxNvqj5mxmzdxJMh,SOL,0.00032258300000712563,SOL,5,1
arb_324115888_324115990,324115977,VQ79ww73L4zjMLHbifJzJLauYMBKMGFN14XdPURSAAbKU5CdoJTbC3dh6YTC4mKrE1X2iLHi3NoJgJ6MrjJL3KX,SOL,0.004304774000017136,SOL,3,1
arb_324115888_324115990,324115977,4xjQs2T7y8qf18prfuB5yDCr2LtZKFxT4EkK51R8Y5MD881jXZCBabSJ6hruz5Cb6aNBA76ywJKnqwLNh6cdy1T4,SOL,0.0132283329995224,SOL,2,1
arb_324115888_324115990,324115977,2CPoyCw5JjGvSh6LrxePmZyoqtnbnXwfbUdoZhRFTGppCiCggNrv6yDac4JrvX8mb4u6aZmDz6CHQpmergUfoZHv,USDC,1.0653959999326617,USDC,3,1
arb_324115888_324115990,324115977,4U8F1dZVH1BVA9JrSugGkXPxLQT95E6jafmxCtNNRWTf6jyh2WCcf1JXbaNAhaekT2ofo7LWm6gPtRauNL6PN8PB,SOL,4.0099000287416856e-05,SOL,2,1
arb_324115888_324115990,324115977,dJ5je6PXQ313BCawzMxHRr6D1PUaeVG4hyFvPjZPpFJjUgqpkys2XxXBMJdhLpSUkub3uJ13HbEx9tspJickM58,SOL,8.162400000028753e-05,SOL,2,1
arb_324115888_324115990,324115977,3zyMd7xXpNGLXsttisDT4FeBoKkt41N7Dvtp6gxRJifbrXSJSmCaNB3Jsb4BCCwYTggTPfMRvaZ8UpCC1mXZ4JVL,SOL,0.0017421930000003523,SOL,2,1
arb_324115888_324115990,324115977,4GGegEy6i1vcDZogKaPw5ATEfn1dNaPZMdtANF8QrMZRmzv2me5RjvHfaUtTmVxiB3rPi5Nz4ems3cd6bb4z7bV1,SOL,8.054500000440455e-05,SOL,2,1
arb_324115888_324115990,324115977,Dfm54hYqKN6JDi5xbHDVkKjP6JRV2ptWBmERQLTPA9wQn7iHVRTqwZRSK16U2EE9DjZGT9CRoQGabLX1AWvYKm1,USDC,0.14310099999420345,USDC,2,1
arb_324115888_324115990,324115977,4QXKWK5649pxcvpbez3x5EG6jH7xorLiDVdFBjJ2HdF1bY55R2sbvB727qnsw292V145sfnVXwwY2qmsjVCv9YrT,SOL,0.0013395400000003038,SOL,3,1
arb_324115888_324115990,324115977,3t87qSGut6kr6Umqo1WoP48ZyJnTKiTxvnVwTyc6hDKR1Ekk5z9bo4XV9RD29ubhMdkW6na2A4r6XGzN4cxTPPhk,USDC,0.0314910000000026,USDC,3,1
arb_324115888_324115990,324115977,P1bJHCokj5L8Wxyb6PxmjiVD9BXtSvaA8HuqUAstcgRo1msxge2vkkfFKLcb4KVSBJR22wEXdupPT2fU6r8vQMg,SOL,7.630700000072254e-05,SOL,3,1
arb_324115888_324115990,324115977,5xErfdETSuvuY1Y6S5DMWX7qrrVtSpp7GzNtMGe5h1ivUZymCKyFgitvKdYtBQXjyxTE1vT8KnqrrFwSo98HswdU,SOL,0.00452604099999855,SOL,2,1
arb_324115888_324115990,324115980,r4VkXgSMCWwhHwCJtsCQEj8hEmsiWBiY1gQxfHB6D9ThJmWSLaRLnZYrTHBJsGCaQsBdXeR8zXuZJL8Ba3aa5kA,SOL,0.006974647000298653,SOL,3,1
arb_324115888_324115990,324115980,5hh48zS48oqLcDFe3CbPAG8Y2u8RDXc2g9zfnfTuZjdtuR7qsBfkeYaE5RvaVKYYujsrg2DXsNtLSJxSRkT2iKza,SOL,0.0005776529999902656,SOL,2,1
arb_324115888_324115990,324115980,QbPF1hTu1badEERYqnYHRMwR5ERUZpGPvzLpUq17L8cB1TLt1h9A9gPQa8cZb6GSnGGEDNMoSCqD3noG7AMonWP,SOL,0.0006839970000181617,SOL,3,1
arb_324115888_324115990,324115980,3dGgB15fJwZ3jSZE3HZocsxEjzCESb47s7YuX4oPEfhGo5BCD3T5f3yBamJW9JrExsYbBKtq4n7NyLBqedQUonc5,SOL,0.00011236899989811792,SOL,2,1
arb_324115888_324115990,324115980,2FcPr9wyNaAzNDgH2gH1VNnMbwF1A6uGvcZ4BdASU9BsoSTZeapD1M1gUr7MfSJ5bYBN2h8sqp2uwjZux2SGqLGn,SOL,0.008097502000002378,SOL,2,1
arb_324115888_324115990,324115980,4gzhkbXcDqgqjHTYwQ3XKVPXpexN1ovcnhr6vCnfJe5bqqVcJ6Zt63UF1cEggbUvtHtBS9gbXR4pEiRuSTvfjAte,SOL,0.0010915640000069883,SOL,3,1
arb_324115888_324115990,324115980,3hECWcSbJ9i4L32grd6sUpctsHXx2VDyBL6vXZCLmv9DrmjRWU3KUC3fi25fmu4ch56dbNQaTfmBCnxHL91JfmwT,SOL,0.007441691000056394,SOL,2,1
arb_324115888_324115990,324115980,4n2HSuAKcPNw53pMK76rLchcuvefNGKbdP26nzr5o2v721E4KwaUBcSSZjmGHGkRJLQfE7x2hXF43Gn4F87CLkyW,USDC,1.0068350000000237,USDC,2,1
arb_324115888_324115990,324115980,5kYbUKvcBcJqvEXhMKLtEjGi7EFarcqj8WeuTbsiJrBochYxJM1WkutgNxUGAvXYKp9d4vFrGqmjdYLeAidhXkw,SOL,0.011178027999974256,SOL,3,1
arb_324115888_324115990,324115980,azy53adA6r7HZAf9UmboCcNK5QMLohGifPN2h6PXfiEEgPc5QKFQJtiwYK5CGPm4kpTzqPMPF1D9apFck7A3eNk,SOL,0.004290964000066833,SOL,3,1
arb_324115888_324115990,324115980,31ay1wZhCZYRn333dTmkDDrF5rDVchV1u9mbooyNnbU5FDizmkUmKDwkTEvQz82xFC7bLqCMWpnnoaaZmiEXFi4j,USDC,0.03239400000165915,USDC,4,1
arb_324115888_324115990,324115980,3pwBhfsoX2SX1VYCVQY8uKbBFgGQqmLciTaCb1nAJESERKhC5nWjvrgbkkGJuFAnfPS2Bn6DuZ2QY5NrN6eQsYVu,USDC,0.02977199999804725,USDC,4,1
arb_324115888_324115990,324115980,37pMHKrFLty9nrE9n29369iddm2y2pNBjeRwTF4c6JipEUFmnAXht78ZVPrFEpjGs22qVM773CyLqNkLqnz4LHSR,USDC,0.025631000000430504,USDC,4,1
arb_324115888_324115990,324115980,58QkkYMw76XppJsGnyfdZtqUFEGo9aJ8UCJqNUQrJcmDWn327C7wYoue7a6AoZ7hVN5FTBskx5gc2W6TiNtHcetr,USDC,0.021087000000989065,USDC,4,1
arb_324115888_324115990,324115980,5fkQjT2dDECZStsi1tGdpCZE6QERwq9TPRzjAe8AmgvMUysLd2qjo7EGGS6LWqwwLHcJHKGTigFKtCZ4oactFjtE,USDC,0.31851800000004005,USDC,3,1
arb_324115888_324115990,324115980,masvXgDogunPiKBvVKgjkYs3RhckoAgfwCj3RDCfNXjHeJaeUYxof4ryaZywXLTeyieTN5GuuZtWz9YiopBKoN1,SOL,0.07330341399998372,SOL,3,1
arb_324115888_324115990,324115980,eMkunXR6d2CkdSBgHV7mwQeohPb3jVBSrJY76kmgSGAJzWxnWAazALQ58VgNiktJejAr9e98sWK3qSyK1cY3n3R,SOL,0.001603455000199358,SOL,2,1
arb_324115888_324115990,324115979,2goszcLZMnj9rzau8zfWnZbUdwtL75NJEziM9gKJq3zsw6FqXhKwao294ZPa73ysZXnZXoeG18krGsRNuazzkZdz,SOL,0.0037732729999999754,SOL,2,1
arb_324115888_324115990,324115979,4aNMyW1HJdToysiAqQgRFy4EHH7yYz8cii28sZ37Y1byKk7R1xfvMDxCThCJ9sMsLSxVYKko13f13qgWFM32S1pr,SOL,0.007230478000206194,SOL,2,1
arb_324115888_324115990,324115979,4mpjqag2YKQheb469M4m9qtpVD1uwcpxyxb39TUEEPoh3KgV2Ux6o7UVssDhhkJ45nZLnghbAUVVWDEfvUeviCBa,SOL,0.004287390000001399,SOL,4,1
arb_324115888_324115990,324115979,4Uqxg9TsWuawyAeTTw7SweBNjUNVVYwTKmZvFpyeRA6D95qx3YZUvnWGVcfZpWV638kcwAQTNDMmYgipLLQfU5dT,USDC,2.8538450000050943,USDC,3,1
arb_324115888_324115990,324115979,3EwaXkz8WSQgMQtMHNzQMUWeoT8Q2VSn6cSq3mkodqtiD83QtvbtJBjknsmYB154Uy2z2Koq4zbURqGVX9mEGokp,SOL,0.0010112989999874374,SOL,3,1
arb_324115888_324115990,324115979,3ogZvqKKgwv8zBxhQmRop8LunZu7LNrTnNLheGvxRsnF99kGBqYKpcM6EEof3ajjoidPyCKBZzHGonFN4CenchyH,USDC,0.05366199999843957,USDC,4,1
arb_324115888_324115990,324115979,3q7eSVVFTViNjKBtMAWy5eyyHKVdyhCPUAq6EVVhpZgawSpJdPEVdFYNnMzfVKdNAYLWTBLpPRnGpVMzwCzm7iKU,USDC,0.05156599999827449,USDC,4,1
arb_324115888_324115990,324115979,4g2vbRLAf1H8DxABQfPxZtjmmKJ5z6kikvukzDgHtBnioHLNyfU68iVaT7JGiDjQTPSyBZD1F9VCdCUKjsH89DF3,USDC,9.334966000002169,USDC,3,1
arb_324115888_324115990,324115979,vwLXaxnEoKXsKSU3KSDiNQ2Go3SqzGN22SASqwP6kEGdodQK5iiTs8h4uksCMUHinz2faWU3ZeHxwG2WxgNkaSR,USDC,4.83946499999729,USDC,2,1
arb_324115888_324115990,324115979,4LdACxaWMFw5DCfLMqRscU6imNmMduHfFRQ24mjLAbzMqK7nfh82DjyaexmMQwrNERrB5jhKTLBdzZykeU7Fffbt,SOL,2.8405999997423812e-05,SOL,2,1
arb_324115888_324115990,324115979,2Hf2wfop2gg8RJAsUv9Dueq9YJrSurv2zVBS4TPhBDVYi6MP73ULoo1AwJzJW2chbxAN8DEMV4JDimZ7N6Gkjovh,SOL,0.0006938910000073723,SOL,2,1
arb_324115888_324115990,324115979,2Bn8j1uVt5kuYak3yadAYbRP6bRhKSJmH13CowVqzdJD5iuR9iQkz9kCVH3Zr9bmwtWEoSutYbfavk7fqU5JDHCN,SOL,0.00022941400003351786,SOL,2,1
arb_324115888_324115990,324115979,cyXtd5jRjkKQqmkbFsLhKyBJJzgqqrFzCGG5F9o4UwLbsCD9ziWRyspBFyLbN4JTYc4B5o84wwWwWv9BEThDGgy,SOL,0.006621542999995096,SOL,3,1
arb_324115888_324115990,324115979,3dMtWQ2UtbKGbQNP7RB8utSvdt42awbZSPKnFCnwdw7erRBHmWs82B8iHUvEMimNh3o4HDgciLqgott1TkMnMww7,USDC,0.05285100000037346,USDC,4,1
arb_324115888_324115990,324115979,39g5r6AcUbGDAhrgrKWvBDMgRcrBmRb2YvEKJ13MxsPCz2VivLQtXxs6nFRyQvVrUV5DCDzRX1dbDSQW7peoUjEx,SOL,0.014227838999962406,SOL,2,1
arb_324115888_324115990,324115979,4d9LJG3XAuCUJg6uaAsrQen1YsqY8dX1H6dXS8CzN7i3JdQuGmJYpCwnELmsfJ4CW36K77ep1womQ3xcVHYTnpnn,USDC,0.02070800000365125,USDC,4,1
arb_324115888_324115990,324115979,4ketimSyxvcCVCHFxb2K2rjGWFf7QyQ7a3iQ6L7Rf4h1cLraQVApjQx2Bsbjvmn1a8vDYuBYQj4zTV9f3AMUJ2fo,USDC,0.014299999995273538,USDC,4,1
arb_324115888_324115990,324115979,28Tiu8e1hTWc38dPc69x8wcP7JpV8oNxZCC6g2FrEYUnKGmGyVPe8oshWfiv4sCvNRoPd6mgLQS3v2tCQcQ2hVvc,USDC,0.015658000003895722,USDC,4,1
arb_324115888_324115990,324115979,5o5nuQsoGKCasGv7PkLurECJQZy4CGwz9ixZToe36rFKb2X6sNRoV9FmcjXGfxh2XJCxEgWCvNu4bYkENKvrSjv9,USDC,0.012297000001126435,USDC,4,1
arb_324115888_324115990,324115978,2SpiB857JccBuWSt5ouXxdpYEGmh7FuteLn3aN18R7qY4VK493fNYmrfoGmB6yqKFoWwWxaVjbSf2a9bLdELBgEs,SOL,0.000729415000041541,SOL,3,1
arb_324115888_324115990,324115978,4Y7dw9Atezh23gEy8Ym7J7mnAkmJU4ohFix1AsCVco1ShAxepGcdMzsbd4uK3EePwc5BoLcXZ3Xw4YF5JxMk9dKn,SOL,6.299999997273135e-05,SOL,3,1
arb_324115888_324115990,324115978,3RVSwA3GLiSQHFSzbcTw7GD5udLC7YLR8tBRyqTWAYDu5zsrDEJda74BNJyVU9efHMvQLD5ExTKomXNCS2ZGRScn,SOL,0.00039115299983002755,SOL,3,1
arb_324115888_324115990,324115978,3MRKC7GevBuJxYjmHu9gzdzU6KgUJh6WFJcRA1Su5ix8ZbTycLthPVh3uxiGuH2AtdjbJHJ1cSVwK73pUfpkBDMw,SOL,0.007774705999976715,SOL,3,1
arb_324115888_324115990,324115978,53QhnroDTDZZryY6wmXjjDz2yzGndGbehSQ6z5E1v7S997fJPuocw6nGPBnwdbzsT2vfb1rz7JdnkuwyRzbGHRD4,SOL,0.0005103070000002017,SOL,2,1
arb_324115888_324115990,324115978,2BA7k3frtCeuG35zA6gXE1QEswbDrDwzMkxCskutJwLqEtZoLGpuY7PXwyTP3MT4FSTLHvmkcXe1aVK2UsdsRp1B,SOL,1.9704999579460124e-05,SOL,3,1
arb_324115888_324115990,324115978,2Q3Nr8CPBex4YdQx3f8kwsacGz1epTDmczMuK7bg2zqmLvQWYdB9KVQd9LDMfemCFiMsJdjpPCVN7LDyidQf3KzC,SOL,0.0005623470000017847,SOL,2,1
arb_324115888_324115990,324115978,5czDniQEfposkdMV4C92SJpMUB9QgycNZPRqeZhJx8CzjhxQpYnLi5YDgJigTm3Vhvd8vV6Bn6v1akWL4XGA6zQV,USDC,0.0708569999997053,USDC,2,1
arb_324115888_324115990,324115978,5rWMXubTsGJqDd1oygi8asfwGWxvHBw5KY9Aubig3MxGjtLVFPuvPPpnW7FEfAp3QjFUnuGD9hjiMpoPbLJ9k6SM,USDC,0.018638000000009924,USDC,2,1
arb_324115888_324115990,324115978,5uhGfmVnf22NqBdV7wKiFFn1KQuTyxKNJY7j1PXFbrUb62wXmL38aiGM2LJYPfuWZ64bpBSFhGxNTFtfJNgMBof5,USDC,0.020524999999906868,USDC,2,1
arb_324115888_324115990,324115978,4hDeqWtgQE6jqQpTmMDvgGvpKk9kpp4UASTEWjUSj4Dmz7LUTBPA4yDXj4Vb6axiWZD1b9jUT49D4ko69cPWtztp,USDC,0.0018190000000686268,USDC,2,1
arb_324115888_324115990,324115982,3SVfkJowxH7k2XdGoXEcCm52SJrDETpUQ7dCRyBxkXp2fC4MZ2zZypYvbr2WdU7Pz3D11CavNRzim7hnzrtn24Xt,SOL,0.013753629000049757,SOL,3,1
arb_324115888_324115990,324115982,a8GAMYZKWQCmhgNJ5pHdjyueQSLqv31MdvZBVHyiVErW8tFaLY3muBrqRD3Z36M7RhJAgSg4KfonyugeMf3VgkJ,SOL,0.001335458999989163,SOL,3,1
arb_324115888_324115990,324115982,4ofP9dbvn1t2EPikSoWHHEntaU4Lhjmvba4N4nT3ouFaaqMj7MwSZ6xFXwy2ChdtUkebpTjEr7UCQAguRwaYadN6,SOL,0.00035084599971558854,SOL,2,1
arb_324115888_324115990,324115982,2owrF8beGN1xZwGiX293gLyxytDnJq1pq7WwxTrPau8nXrKurWPed1yUUGC8f5SWUKzUwGvY7pejc7Pfe1aNsUm8,SOL,0.0022480350000074895,SOL,3,1
arb_324115888_324115990,324115982,5zhAjRNkGKNZqrZvJVbG8e2xJkeJM1ppXTw5ui2U8ECWuSd4Lw12Y5EZzGvVgUUc4wJKoNFESYoF5BB12VaV8Guk,USDC,0.2213649999999916,USDC,2,1
arb_324115888_324115990,324115982,2t4KrqdhATwd7D1rHCKQ6uHMRzhEUGMz6pR9Bzuu5fhon6oKjf4ea8R19iiAUB7uTPowFFWLnheTEPMhyhRkEk6Z,SOL,6.364099997481932e-05,SOL,2,1
arb_324115888_324115990,324115982,5ZPJuCZm9RYpV5o9KJZfDEM6WXJdvkeDCWQDXpzaQcf3tpSQvAevxCaeDeDJQP9LAqaQ4kh12PcwCFrvzmgzfmip,USDC,0.19002399999590125,USDC,2,1
arb_324115888_324115990,324115982,4MT9dU8ZgZzp3ztBqAydzcAJvKR1unrvKrGfQ5qcxa2gMpxFMV9cMwP89mb1ZhEBhyfwANxAsqe5hcqcbRy3NPxM,USDC,1.27031899999929,USDC,3,1
arb_324115888_324115990,324115982,2CZ31Ru74nSQSfiJeTBQ9m1nh2Fe7x2K41hvsp5SrXSY7sYbXcWtCmUZZNMutGAd9akBCz3qyxT8toNRE3GDT2tm,SOL,0.00041693999981541087,SOL,3,1
arb_324115888_324115990,324115982,q3smwXYJVqgSF71f8LWCgm56J65TqhsoF2YDjuGqwmj6Ue9f7zqdTY4XVatwUqvNJbB9sDT5B1A9Uqit4GHgpaw,SOL,0.0006432500001440754,SOL,3,1
arb_324115888_324115990,324115982,3MoKd8ZkiLA1c1cuFWEWKB5HuuibjhH8mxUpqQVEKB6E6cG6qoUCfBQSewzEDcxuhAmK1v3oErigvfDBvZ6633sf,USDC,0.6690189999999347,USDC,2,1
arb_324115888_324115990,324115982,cKdDgijsCKZsV1sGi4SQCEJEevc4qVXLRPB8hKwEGnKap78wueM5iCBWKHeFeg8xzeU4ztH4viS3CCffb4aRWjy,USDC,0.4498519999999644,USDC,2,1
arb_324115888_324115990,324115982,44B4WKgELbfcYuhC29Ecq7toXB7iPaT5KLqMJDj3TUbCDBNUAnZQZwh1JM89qLwG6VLQU68on8kk9o5ik8njTxhg,SOL,0.00039298500000727114,SOL,2,1
arb_324115888_324115990,324115982,4WKWXbXHKvX6DeLPYNNRAQp1tb4W8DQcW2FxjnBQbZhgNGcsTL1wD73fBMs1zyuKbTh8RWrWpptgM1tsPq8e7ZuU,SOL,0.00011722599997791914,SOL,2,1
arb_324115888_324115990,324115982,3ZHfVCZN1b3ab4EgnhwHFSMmFc9NXrtUEj7KPqAUTVPojUrxY6TN2VR4Y2YDnwKcSt1BGM4fXwMi9LKEzwmjEgsP,SOL,2.8656000002730595e-05,SOL,2,1
arb_324115888_324115990,324115982,4FvpsJku4xwzyobsYX1udy5GiY6vQAJrSXgN5Hq5hyLFRRJUbK4TwbsK2ent3qBsvAC24JXHDZY6euUJpVzNjRam,SOL,0.0003050660000023513,SOL,3,1
arb_324115888_324115990,324115982,4wZYrsHVXdwcxTnibBeTXHyEuWuwzdWcNn6dxaUMyrRpEgF8ktKSmCJj1xKFHn6GcgpozyyUYoomEDsq6BR6553U,SOL,9.832499999620325e-05,SOL,3,1
arb_324115888_324115990,324115982,5T6syng9fG23VDcJKtj4pHxjhQvTz24gfvAJzBfHGZijfS5rmniWhienqDNd7YGiPwk61X8KxBTSn4Fr6su42CWE,SOL,0.00012563299999923607,SOL,3,1
arb_324115888_324115990,324115982,2gBpRPMRVdHWdhp1y1X472j3HymaAFzCoZ2KvnK5ChYyntyadyyVGL8RgCoMsTewfXc4aMwHrodUyVNmkomkTK25,SOL,0.0007170759999993015,SOL,2,1
arb_324115888_324115990,324115982,5bFgLmxD1FQxAfvLm7io3dDu2ZPrCvXKXwUvam9dHqZp8BcX5gY8N8YjV648Fh5fFDhqtFRxhjwsKy1nLsH87Xo6,USDC,0.03044199999999364,USDC,3,1
arb_324115888_324115990,324115982,2PEse5mpm6HHxVZ1hx7ACLsL76jg1k5AvUr5C4jw8JcAsjXz9a9ZNDnBkmuYWJuvNYa4BT8d8GaHE44yJiScN5jV,USDC,0.29218999999989137,USDC,2,1
arb_324115888_324115990,324115982,5yYBqrrCDkq9SYV6ehsEBbe2fG4PbPP3JBEgHHQRWZqcHzQZarumEnmfGbUbcuNFvi5cLao4yQqKtGhBJCxAH3qp,USDC,0.006823000000167667,USDC,2,1
arb_324115888_324115990,324115982,3xMEsgE4kVQRQKx9XkuyJXpqDvLxd32iWKo36hfrVMaXgtUdUUuCyqTaNy7kR88XXuuKmDw3Jn4eAjh3pmfsigpb,SOL,0.00029442700000621166,SOL,3,1
arb_324115888_324115990,324115982,4UiEcTtopUvRtxR6iANMz8bpn91BU11CNx1FJquwi3V6tnaUHQX7xDfu1dSL4EuimerkWxWTJuM1FwD4RJnvTiLy,SOL,0.0005699849997460836,SOL,2,1
arb_324115888_324115990,324115982,4M5sEGZSdjJoT8HL7daJhYgp6v7uN27HFYjX5LQE9E8dBLL4YnCDnkRcZZnWjZQY85qK4FmpFmkUoP1TYcKNEs1Z,SOL,6.260900000059867e-05,SOL,3,1
arb_324115888_324115990,324115982,2gKFQ5WhhdzzRzpBsQZ2edoUowY2gUR9XrMNycFeAJe61Arfttk53xfaCj3864CG2irypiTZtmoii5ajbPyUnC29,SOL,3.4622000000251415e-05,SOL,3,1
arb_324115888_324115990,324115982,21ZD7RUVEBXCECjR6R9g9rzRNNcjtWCH5THQW7yNViCT71ZuUnR43ccw5Q1JtMSpSh3cEufu6VTVG6Z2xNSjgtto,SOL,0.00011972499998319718,SOL,3,1
arb_324115888_324115990,324115982,3eYyrjbwnXu9PETSQHnwQudax5yvW9pbSTsEj2uxfd4CHHS46ojXmU5eM1k2N1YKeb4LtGpToLeZtDDCxKds7B1J,SOL,3.496499999630152e-05,SOL,4,1
arb_324115888_324115990,324115982,5yPhqebpVdD3Y6LqEfuSyQ3226rDrssnsQcrKCS3q5NMDskwBVWdjFeZ7YdndawdPWAfeJaUmNrJA5edscGnoUEf,SOL,1.8725000004669213e-05,SOL,3,1
arb_324115888_324115990,324115984,4ZUYD5euRUzaiq6gUHYY6w9Hs2JPcjsUJh9j6KX4S2BocEbEEAUoJtbZxpTRNdwnCXksQUoaW1SDrya6UgmnuSkR,SOL,0.001999351000007333,SOL,2,1
arb_324115888_324115990,324115984,4RtFHi9UsE3tQw1tJnrAZC12c62yDSfQgVyJ5pTycjLGXDAfkmFBAJKyxbCU6dTDWawFzrosNpXGHKttkPVQeKfq,SOL,0.0018349329996162685,SOL,3,1
arb_324115888_324115990,324115984,51o8mUJHfKWBXK9EpfeRvP8Hzi2GRpC7V4WJV6LuNRrv21pBUUCcNx4L79eW9tXzGrbYXmC2K1CauZEjT7dB9WTr,USDC,0.04152399999999545,USDC,3,1
arb_324115888_324115990,324115984,38UVq3ZkE54oXY1tYSpvnGieSrFhnHBVTqM6JL2k7mwsE4z1CdD7do7A9wp78cmNogRbDwqewFEaqpuE5rYb28vW,SOL,0.002282344999914687,SOL,3,1
arb_324115888_324115990,324115984,23snRpkYrn7SGgtZMuKtp9fh6HryxuuBT97CkgcmbhvXTe2Uy7Ma4Z6XMzHcMjx69GZ2E1FsbWyNh8umKsxKoBsY,USDC,0.0008699999998498242,USDC,2,1
arb_324115888_324115990,324115984,31SaZq2U7ddwdcvBjAf8fMDrvGMUwa4bhJZoqKMMkXaoedgyBsP5EVEJtkLApHUaWFYsvE4HFdwxd1YnWgwMe3jx,USDC,0.01855199999999968,USDC,2,1
arb_324115888_324115990,324115984,49ftMt8bEmxMmPRX6GiHeETJiz5R8HqBWYw466L5BJxiQrGhVGomER4syFpd3WB3fnhYj32UeNNkcGihjcpQsdf1,SOL,0.0009799770000516943,SOL,3,1
arb_324115888_324115990,324115984,3QbzT82jx3zsMJG6T8xFoeBRJgnn7uJJissa2XCuhxWd3GApnK8dkVY1staKd3Ad9GTzqWyB4W9d8T3XaBmS4eKu,SOL,0.02654679500006034,SOL,3,1
arb_324115888_324115990,324115984,3o2oCRpTgjkAtnjgWDcZvsuwJYKi5bwuxUKoeWmP7yeRicYhSuEFirHhcfB3JafNMMJ5Vsnd4xRipainkYi5VPwy,SOL,0.0020094709997111933,SOL,3,1
arb_324115888_324115990,324115985,3dZz6xk6a6wPFfouXCFLzBqyXaXCpNuX9FufenbZxMqW3k2Pjy3cxNKv1riWrrTChKr9ghJizDATnnQzS1bFrjbY,USDC,0.3589069999870844,USDC,4,1
arb_324115888_324115990,324115985,4sd6CHVbReU1n1xm8mbEisFwSzX3aQshw1DwfMaE5VhB1ggTE3KrboTP1yWrHrSiwNePjfbGqKLnaTtJAeWij3yG,USDC,0.0001190000000406144,USDC,2,1
arb_324115888_324115990,324115985,4SSwEBkrAXhjxfBJkkewnSJnd7bvzo9jXoqjrsHejxmte3on7UFbULACUuQSrwUM1ahWvcMLjjemjVJLradbjtkn,USDC,0.020823999999265652,USDC,4,1
arb_324115888_324115990,324115985,5Ys8ZdW859fvLV2V97CJNniueJmivpoGofxnErgrAuevuVwrjb84jtwpEqpMxW11tCrmmnEf2hmDuHNrKXkabnNm,USDC,0.04980799999611918,USDC,4,1
arb_324115888_324115990,324115985,4nLaRstwt7xmD5mytKLoxb9VB1qozW83tSZGHU76cetA9nyoLztSj6pPDeRgE6qNq3UkHMZ5KgtiCnt9fb6cvdpx,SOL,6.6964000256798e-05,SOL,2,1
arb_324115888_324115990,324115985,4Hao3JohWBzfUtP1H7umLFACMBCmacuhzNkmEJL7KutesLo9fkRAdKWoCz5Tk6yNfmqfdjA3SGVD4bpxicNS5oJm,SOL,0.00020463099996502034,SOL,4,1
arb_324115888_324115990,324115985,4EKLft6d5p9hssHVW4DZWjLd8NpKHy9g8rdgGa8vX8gQP4nY4LA49gsyohk1Bo43DbGuMpfNQsV83JGMgBroS1ex,SOL,0.0004349490000286638,SOL,3,1
arb_324115888_324115990,324115985,4KhqK3xnbixr63CQpvAcaQcFKjAvQQU3uUYtp8toXRbCV5QdfRpiVmjkxyKMG5aF8EWZuutbyGNXSKP2FmtxnFSD,SOL,0.0003154710000316612,SOL,3,1
arb_324115888_324115990,324115985,4s8gdCtCUaDURHcEWj2hQdLwBFFhEVcAbF2gCKF4xnRAxPftrfwEe42Fv2SUsyrajM1e4darDPdswZ4NWymtfZZb,SOL,0.00033167300000076045,SOL,2,1
arb_324115888_324115990,324115987,3XVTqAgEon1fP158871UHZgMbf3Kx8gD9iux1Lcvz44X5PaTeRBDpSRGNR8KCAPEpJ95HosQTQ6uFfV8HwTx2kH3,USDC,0.08418600000004517,USDC,2,1
arb_324115888_324115990,324115987,38iSkLU5fcLwr4CyqPu1hBVtpQ8k7C5PMqHSN9RuEg6EPhzaCRdM2q9CGLaTj1uHe6FY9vz838MNcYpUT8uPUaj5,SOL,0.001200888999965804,SOL,2,1
arb_324115888_324115990,324115987,5dTapmNFjqDHmTmYWeMJokoAcnSCbhiGpi5BrwyrDa575NfKV4LKfMQ9Qr4soCt6t2NFV6sPuF8Csqxzv14x8u4T,USDC,0.19532799999979034,USDC,4,1
arb_324115888_324115990,324115987,RnWA2r8d8MwfBynjb4kWm5vHcup164Vm43oqdvnDyv4itRH8R8eXrEE2a1JKCMG3jVCCAaQvLgPyroMVG4hbXFs,SOL,0.0003114990000353847,SOL,2,1
arb_324115888_324115990,324115987,46tGuxV5uUEGpbhRoKeCptN9VkohfEW6o5NyjGxZ1ept5GFYosmuhAJr2jZjo3MZS1kh6cHwG1VShXPcPwhvuWmJ,SOL,0.0001845960000164426,SOL,2,1
arb_324115888_324115990,324115987,2JFQwDxZ6dYNcJuLFmBdkFieGo5VaBs22pGDLnK9FXqZaZDTMipWQVVCZusaBNY7TkJFwZCZ86yRbHnJS6jtRFcx,USDC,0.024346999999998786,USDC,4,1
arb_324115888_324115990,324115987,291b4JsksnUpB53ZzmnEG6p3wK8Whx3GwPe74ZPuxtyoPHBfjwt34fGkg7R5faFPXsLy3Gq1xU852UjqhZ1pZaeS,SOL,0.0016493160000955105,SOL,3,1
arb_324115888_324115990,324115987,64VVey1Dj273qYqVQGE3xwXFWMeRyuSGzrsFp5RfEo4eYvmxuCko9q3bHKA4hHMWNuFRXTguc6mA3z1aX39x86rm,SOL,4.504100000078968e-05,SOL,2,1
arb_324115888_324115990,324115986,5922hGhcLDQUdMwvtRjfoQAhdRZE6ivbT9RXNsmHkSj1rSfJGLyDsjEg6DxStfhkvm8mvtLwN8BAjcUqcDoruED7,USDC,0.21916200000123354,USDC,3,1
arb_324115888_324115990,324115986,KmX3cLfJ3Y7NUy6yCZc8bAYbBdQ7USN8KDrN4XiaSwFxr3Z6FZGqyVhnadG7yahu7Tn73R22BqSXhXbcw7JZ1w4,USDC,0.17471500000010565,USDC,3,1
arb_324115888_324115990,324115986,3opHKXZq53Fxs4os7p5QoZXfaAArX9Fq8fqKJLEujBR2NRbRoUFs5yPvCuuazTMQeijgAwzgeKKF5ndj21nxrhSC,USDC,0.0029239999998935673,USDC,3,1
arb_324115888_324115990,324115986,4MQ1ku9fxUttEhR43vKLYackzSbH9YCfX9mgCedSjbDm1g5jpNK7NmwY6zw6xs4LDh7v6YRCF9doKxWeqeKyurcP,SOL,9.372399999982306e-05,SOL,5,1
arb_324115888_324115990,324115986,5rUVqfqEjXGKMKAwZtVhSgUvzo5iLLc2xoUBXRQFc2Ta9KGcsifKTpNVD8q9G1WSu1YVgsLomx3VMaT8HGw2CvnW,USDC,0.0343959999991057,USDC,3,1
arb_324115888_324115990,324115986,3La6kZMVYHMX54euW77nbkGNv2W2tbtewmsYzGayGnYemue7CQJ4iBKG6drGX9cQwPsUHnZwQiBRFNdk4HMwyYaJ,USDC,0.09472700000014811,USDC,4,1
arb_324115888_324115990,324115986,5Am7wxcsWkrb75c6BmjxA3sQt8UDUxjHQR9FawZk1xnoKzfdRjqEu942jQxwyXdzp8DRqcpeAA1qZBQBCi2EsjEi,USDC,0.05593899999985297,USDC,2,1
arb_324115888_324115990,324115986,4dTjxkDnTRa2aHYdinejV5rGufqQvMcjupawQ6q9nCuJmCa8hvMcFDReMV5xUwmnDxSaBe5jmfg8SpByVSK6RCuk,SOL,0.009843833999973593,SOL,4,1
arb_324115888_324115990,324115983,LLvgf9BVkdE9BLifU5UvD7wRgRcviBd5U4WD2kzszeKYterPqfjc6ori7qVfokY77FdkMQ2ABwq9eULbPeKrhP7,SOL,1.861800000033912e-05,SOL,3,1
arb_324115888_324115990,324115983,54CwWQttoXAAhDykbxbhF66LCu7Jxwh5vUou2VbRnZgzJHgTTGrUzaqBtT7RkRR1w8zyHjLEgp6xdyAB7Ndie6ra,SOL,1.4034000000225773e-05,SOL,2,1
arb_324115888_324115990,324115983,3oWWWa9B1KfmyYCyQ62KSZEcbUxa7FejcZWkPR4yY1Giia2t2oa336snM9XpzYNKy6WrWYuDfAewaz7jKGCqzyRt,SOL,1.2354000002381502e-05,SOL,3,1
arb_324115888_324115990,324115983,5CpnDQdiAAYDipWvgwAMvsGUEKxaETYU7vbvThgM9GBKGWCue7EAJUKQhQkfAzURKauo75xcAaTRoUrkFDNzBmom,SOL,3.513999998555478e-05,SOL,4,1
arb_324115888_324115990,324115983,5oXyUSGZDBwMdemgFgPVbs9qW48Ss78upDdMoX5kiCksGSeeM8Z5iMe6DHZYdwPupzqSjsfX4aBfmBkeAmPK4CRp,SOL,0.00033896300000005146,SOL,4,1
arb_324115888_324115990,324115983,eySS7oUFsyDUqSNoXmMLtAjv9aK268ZvfGu78RWBPrzzQth2yWtdxNwaWx15ywSKN4ayVGf9VCW5q4RKm9Ayzy1,USDC,0.01667700000143668,USDC,3,1
arb_324115888_324115990,324115983,K8TzjxGGGwsCuVe8Qp1kzoLwhCMr2YaFJwVoiz8LPKxsHKvuSbhn4PASfh7BHc8cqxo3RJ8fZXcJ21A5aHjev4y,SOL,4.035599999227248e-05,SOL,3,1
arb_324115888_324115990,324115983,2kXenV4jqD572hq1vkHuTGADoUkBuR8RXNS9mCkvAxZEFA99FKGz7nXbJeT4kcwtVk59sSa4m2dZRuVh7RxxKuvV,USDC,0.016719999999622814,USDC,3,1
arb_324115888_324115990,324115983,h4ZsemfAbydskr8iCvSXzkHPH7intuwSwjaMnYb4QarfEk7um7LB5juRCqtVdL8u1NgSdorFt3iWXniDTuZoHMK,SOL,0.00029419999999964595,SOL,2,1
arb_324115888_324115990,324115983,4PqRVeLG6gTAcXDT99WhQNXaEeyXYtuiRjC9vvjFeLZ5qHt4nLBigG7aSCjqUJzcrxMY1PqjxJYKdQ9ktZv4ox6m,USDC,0.010984000000462402,USDC,4,1
arb_324115888_324115990,324115983,2UZHD7L2G6Xua4w1F8hEdXnitxjV6aATjm6ngnCDHY5wFV1YgqBFdGzw9Afc4a626rNWXReZPvZcDeZrYxM57N63,USDC,0.007300999997823965,USDC,4,1
arb_324115888_324115990,324115983,5WJjNpZ67L7cNxqLbaadpd7qFrJsBAijNmUXFeAeL1C9Y47GF7bKYK4Sg6jF53c8gDdVLFvX7ygrVbL6ssst4Vb3,SOL,0.0002698439999322329,SOL,3,1
arb_324115888_324115990,324115983,mk5h3S6L43jfmkvyfEyivVGw6y8uiKZByQ7JQhHouMT8VeZxUFE7nPN8P8xEMGfLjvBtt6ndSAHEf94pXeYXmK1,SOL,0.0008282079999916165,SOL,2,1
arb_324115888_324115990,324115976,5VV1SUHt2hWp3dVwoQETYnkCqT4wxxqH1r8Moib4bLBGRS6NUGCJd9Dn884c1HgMMbyFscC7aJBKoy4tJsdqASxj,USDC,22.900635999998485,USDC,3,1
arb_324115888_324115990,324115976,5fe9GePoi46V9RPHJYRqHTXpRbdyxiz7qXuKm1rfzdQbWyZf926Gnios4L63qPUkc43BHQJQkiCatjuFMLHgRuyQ,SOL,0.0013630479999975252,SOL,2,1
arb_324115888_324115990,324115976,3W9dTvq2qpjsHj9aqE5ZQ9fADS5F2zbuhpoc7vTDGu651jMzmM6GdciQ8DCBDteJWiCZ8A8NrCBrSYFiGEY1mPbu,SOL,0.00028993099999286795,SOL,3,1
arb_324115888_324115990,324115976,2wkU2UtcKpDkFpcBFoxm6TxWV9iedCmgjcKvGPhcfZhYgy8VYCtXU98JCCN6LXQpTqQUCMmoa9xvgrzMrdDoB2Lf,SOL,0.00018047299995995738,SOL,3,1
arb_324115888_324115990,324115976,4bvJ3hWaMK9wTfESnHzNaVe7tpYY59VoGLh1RfPCB88k2qGGBXkNbWsr5h9BeKy8qsSDL8Q4qP5VJ7BkcmpHaBor,SOL,0.00020280500000037093,SOL,2,1
arb_324115888_324115990,324115976,3BYgVU158eEigHwbL7fsd3cPW8bjwtx1S644VeAAPedP1bgEZaSt5vKgJLamUo1w163UsTrgUzf1ZPD3MnMCPWAE,SOL,0.00014654500008709037,SOL,3,1
arb_324115888_324115990,324115976,23KRUJ88opdQoTLvt6Y17WsLHiGSb4VRCWEjHgveZBEkSyP6b2aSVC5g74WQc9Qyy9hzt7YnGbto66jr3o7qqMZu,SOL,0.006345036999999814,SOL,2,1
arb_324115888_324115990,324115976,5ZnW6sExGzmUpUrSptNstNkwMQB1uZz2L67RQJJbU6seucoYhUS5QXVSUs43nMLg7iiEETcAQZzAyfC1RC5mNbP2,SOL,0.0004966580000092649,SOL,3,1
arb_324115888_324115990,324115976,4vRf2pqKt1dVgYLHRngDE87XbrJ9gkHazpfVZWHF68RN2GzsnsX5FZkbSzJY22dKB6cwVyVpVgdoYHaHGFvxHNP5,SOL,0.001676415000031818,SOL,4,1
arb_324115888_324115990,324115976,2nbDyXRpDN7T4E4VcPmJgj2MN8cDfYhXyv46uqBwufSyRYNbjg36vcRbsifbXyM73Y2XUqWi2vCFsM1XNwpbFgpw,USDC,0.05149900000014895,USDC,2,1
arb_324115888_324115990,324115976,4bvYu8zdivMLxqYYgqLTifJnD6MPn77Fie7DtcXsRbDntDvneY8T72SEhBrYM3t1AKuLUQr8TvYp6SKkjr8nMPZa,SOL,0.0025196490000013896,SOL,2,1
arb_324115888_324115990,324115976,5Vict8K4oXz89afLsKvnba1vT9VDFgDK9xeBgjK9v9PXy6BAGh9a89peTFzkBHo8XAMWaNFFEqUsNPmV4qtbJU5f,SOL,0.08972696899998184,SOL,2,1
arb_324115888_324115990,324115989,4geK32znGfeE2RoBZp4Jutj7z1Z5jjQKrZX4vY1H6w7GTmwDpx6Dbzzkpxhmw2Ct7XvgKvWmVrmq3hC5CDsHpNga,SOL,0.0003057080000228899,SOL,3,1
arb_324115888_324115990,324115989,4JDHvK2CSPMGENNBCzMNp6dvHcFFGnnoYMEhvDhc1oHLQjfVdhRV5EKFFzSWYJpvqkUsaKSNyWP8Y8SmF68fqr3h,SOL,0.0001011969999986284,SOL,2,1
arb_324115888_324115990,324115989,28rDs2AM42bZ3LGKD8JdbZrtpwV8do7hcsgkgQkWkCGtQ4GUK4hRhgrJQTyxD9fLPQkGkZj5xGsUe26cjQB8fH7D,SOL,0.0022730950000004915,SOL,2,1
arb_324115888_324115990,324115989,4HGo9W4us3714ubx8MBxwY5sQAwveaZQyYBSyPJ9U2mimqiBXHNQUhiyNydmqwPifqCqCqQyQRBHVYytyX3XmgA9,SOL,5.440399999744348e-05,SOL,2,1
arb_324115888_324115990,324115989,4waaA7RiTu14zkRGb6Zm9Xih6YbHsdr68u1CCvXW8XYimVeWkyYEPRwSjj7JarGNtsbpS9Uq8wfrkh6SDPSvLs3Z,SOL,0.0012382569999980111,SOL,2,1
arb_324115888_324115990,324115989,3uCpBVMAuWCHFMVarHf2tDaXTArjgB8Nt7FnRGVup7DVzgZJcERiNQ5B169PVzFn9kwKRuRVVdc6RCW1TYEbAkeo,SOL,0.00031026499999685673,SOL,2,1
arb_324115888_324115990,324115989,2yXLNQXJsudvUrfw2YeKRKPaNVUPJ5ejuu2xJe1m1hNNfRCx3L7uu48EW8UbtzFwHt2FHj2cDs7x3hWuFfhfm2YV,SOL,0.015543328999996683,SOL,2,1
arb_324115888_324115990,324115989,5qAi6tm85wKjPhFaxca6zj43SPnh28mxJmXjUg6JLjJUhZZtzGVDm65ZXjbyyjzPV8dReCKwg4EsP8sLTYq4meTT,SOL,3.745600000162094e-05,SOL,2,1
arb_324115888_324115990,324115989,3nZ5EjeWByW92rpCBqEuTZavqdLYGDcA6bnpZ2qJswi9r1gZ7yqkXCdJbDY7SfLz7LYU4qKVgUFdbprRq7JXHPeB,SOL,0.00013515100000329751,SOL,2,1
arb_324115888_324115990,324115989,4kpuv2LwKKbbKv6fjEDp5XLh5Hgap6Aq7zHd1zjp1GixNGMJ5vu8nA8axocpkdNKQbRM7XvFvaM6Uf67mmVHKTTo,SOL,0.0016273669998560676,SOL,3,1
arb_324115888_324115990,324115989,3iy858EhS3w2Yw5zuKS7GsPugUQkRKDuKUutcVPfY6yfcN7xe5618cAuK5gdeX3Pe68Gn6kgTDAX3wobxVX2Vvz1,SOL,2.3540999987940443e-05,SOL,6,1
arb_324115888_324115990,324115989,2a3gMBLpb8vm3hAD3nv4rjVUe9Qwec2sZwuhfthnuzYajC1Gf4KgFPMUnmV1HWtdzUiMopxWkjs5NRv9YN8W5sLU,SOL,0.0001441149999921552,SOL,2,1
arb_324115888_324115990,324115989,3NrsVppRuFr5QS8CMfFtyM3t7YciSbjsXUkwr3SUKMPECsYTvcioVA3CiT3WZyeVFekrhUn82yQWbM5VsYMoVgzg,USDC,0.09983899999997448,USDC,3,1
arb_324115888_324115990,324115988,38ci8JJ6zmQpiFQopytbTXTC4B459agtaQUpaMqeRHDDhrwU59dnsvSxPHc9Les4FekqGKNx9tfwaXK65moRHWhk,SOL,0.0005732409998052135,SOL,2,1
arb_324115888_324115990,324115988,3AJ27zoW3b9Focq3ibB1djtqjZ2auA5xcPgyaVnXV2uFec5Dc1mo7jKyanXMTrh95uH8eaa9bszf9ktkrLHRarUZ,SOL,1.7936999999778607e-05,SOL,5,1
arb_324115888_324115990,324115988,2EZtaP6CCHLyxrZrvFDLLXUXRFJBJmAm8dYHMeYR8ea3vthWgmGy2EnFYTrVw7k1sviAtfUkNXQsu1kHZQD6kjHq,SOL,0.005935095000000923,SOL,3,1
arb_324115888_324115990,324115988,3go5BsRgs2gYWddRmZVfPds9jSyvA9Z8w7SUtZxFpt85aGtFu48ppzJGNbvxLdvRnQnsCaoqGA7XteZ5RCJkr3cW,SOL,7.706099999884252e-05,SOL,3,1
arb_324115888_324115990,324115988,2GLkUAowCByULG3DFB3AVfxNQwhPAPtX47Z5iiMHGE5sjdT4gh4jGTTVRYauWpDSp7jisyAGE5AG1YXbdm6MJhe4,SOL,0.0006720329999003044,SOL,3,1
arb_324115888_324115990,324115988,4ZS47Y13iKvqxb5n8sSg73kdk7bh4ak1kiS8h9SkGA6G8roQommt1m6o7XtJuECQs2gTsFhTQVNHb3jXGX7KYPhk,USDC,0.033555999999407504,USDC,2,1
arb_324115888_324115990,324115988,ZocpDoFn2awr5CBgj3PZm89kEtUsrJbL6WXPTgS31k3pYxYgf4jyGrTiwrPv9b1gKbNSNHrqXHtXR4TtE7LA1Nr,USDC,0.037405999999919004,USDC,2,1
arb_324115888_324115990,324115990,5fQYMESqusMQ2STNL8jExjGa6GGAjGDQrj2SpXWoz4Dmh54vSMZQaRkWstvTYLLeMiSHZnotMwirAC1y2ZsPprax,USDT,0.03845000000001164,USDT,3,1
arb_324115888_324115990,324115990,5LPTuKDSvygxM7eae53NC1ZSqVLL8thehRhgicMkFxbj4R6LvfuJsXS5Db5pHg4Rehog3eqjvMTYwqixgiAcd4Qw,SOL,4.595600000006006e-05,SOL,3,1
arb_324115888_324115990,324115990,5Q2Cuk33G1MNH6trf4PVx3uUXhxfCkdMJjEWjcdQ4h9TWTP1UfvYmxvJ6HPgbWnNrsbHe9epD7jm7QzUqxyAqe9o,SOL,0.00031934100000155236,SOL,3,1
arb_324115888_324115990,324115990,4AXNVMZNvWxZJ3ojU2i3tkH7gtQyGVFYTY3osVh3uwjRY4bCtpJszN6tq2GA81BXcJoCJSsfn8ifK8AW7EmaYbjD,SOL,0.0003459020000000356,SOL,3,1
arb_324115888_324115990,324115990,48pfuLjyeCjUdaDVM8nyHLndYfagQAsY5UVWmEc38ebPrvGJVvSggwkzPvnqxyKRFm352GCrzqxvdxpPRXRuZTaa,SOL,0.00010557800000209777,SOL,4,1
arb_324115888_324115990,324115990,jUpnGinywfqYm34PpjxCgaWXJTDEi5ZXVfNGYw3Ji8tpgTdYC4cvzgwZfyHF2gMdkJtjRyGkUFGkmWx1fsX9BSH,SOL,0.00029564799999983474,SOL,3,1
arb_324115888_324115990,324115990,5zGbpKAKuojUfB416EgCrPFRSyo9is2vxamB1B5jUzP7ndN3V71iasbFXF2tdTAHLiMKd4EZKPVwqPRUSATHM2DA,SOL,2.9025999984505765e-05,SOL,3,1
arb_324115888_324115990,324115990,2iWgH3szksZRBGcvk5L9bAM2txQzujriNRyXwwa1UjPWfdvGCo58qDdGmoAYLNjqBMEbEaW9fB6tYmRFCxHVZano,SOL,0.000509919000006034,SOL,4,1
arb_324115888_324115990,324115990,5STf72oaY7wZHmtqLgwj3eUMDZKT1NoMkKJTVsbtrwz1oLDcmD878s5tj5nFBg8RY8yV8sBDiBC5Wp6drCWWUovf,SOL,0.00030025999999973215,SOL,3,1
arb_324115888_324115990,324115990,3FE13u6qyBaaq4B41qU8ooXvLF76MwWcQabtmF6kgNoqdCstPzyawmQKEKnV5bZGBei5vcxPAHSxGdFWWeng3uJx,USDC,0.033622000002651475,USDC,2,1
